# Live forward-test predictions. PREDICTIONS ONLY -- no outcome, no score.
#
# cut_date                 : 2026-09-04  (predictions made as of this date)
# produced_at_utc          : 2026-09-04T08:54:22.101238+00:00
# code_sha                 : 90c5987a79787571a4cd2fec61e48fbae744864b
# working_tree_clean       : True
# config                   : config/frozen_model.json revision 3
# model                    : logistic_rank
# decision_threshold       : 0.5
# panel_sha256             : 64cf599ba740b94aadbafd8e108635826525203032ede569349f2a021b8629b2
# training_rows_labelled   : 22569
# training_window          : prediction_date <= 2026-09-04
# training_positive_rate   : 0.606850
#
# WHAT IS PREDICTED
#   Each row is a ticker's NEXT quarterly EPS report -- a quarter that had
#   NOT been filed as of cut_date. The label is label_yoy: whether diluted
#   EPS beats the same quarter one year earlier, split-adjusted.
#
#   expected_period_end is an ESTIMATE: the ticker's median quarter length
#   added to its last known period_end. It is recorded so the scorer can
#   check which quarter it matched, and is not a claim about the filing
#   calendar. The scorer should match on ticker and first filing after
#   cut_date, using expected_period_end only as a sanity check.
#
# FROZEN UNIVERSE -- READ THIS BEFORE USING THESE ROWS
#   Membership comes from Wikipedia pinned revision 1292523673 (current + changes),
#   pinned at 2025-05-27 -- the last revision carrying the added/removed
#   changes table. Index changes after that date are invisible to this run.
#   Real S&P 500 turnover is ~20-25 names a year, so this universe drifts from
#   the real index at roughly that rate, and the drift compounds with every
#   quarter the forward test runs. The live Wikipedia page is NEVER used as
#   a fallback: substituting today's constituent list would reintroduce the
#   survivorship bias the membership gate exists to prevent.
#
# SCORING
#   This file is committed BEFORE the outcomes exist, and that timestamp is
#   the experiment. Scoring is a separate script and a separate commit.
#   Nothing in this file may be recomputed once outcomes are known.
#
cut_date,ticker,cik,expected_period_end,last_known_period_end,last_known_prediction_date,quarter_gap_days_used,predicted_probability,predicted_label,eps_growth_yoy_lag_1,eps_growth_yoy_lag_2,eps_growth_yoy_lag_3,eps_growth_yoy_lag_4,label_lag_1,label_lag_2,label_lag_3,label_lag_4,growth_streak,quarters_available
2026-09-04,A,0001090872,2026-10-31,2026-07-31,2026-09-02,92.0,0.6942950382993248,1,0.08474576271186449,0.6,-0.036036036036036063,0.21649484536082472,1.0,1.0,0.0,1.0,2,48
2026-09-04,AAPL,0000320193,2026-09-26,2026-06-27,2026-08-01,91.0,0.7895550837785077,1,0.286624203821656,0.21818181818181812,0.18333333333333332,0.12142857142857154,1.0,1.0,1.0,1.0,8,57
2026-09-04,ABBV,0001551152,2026-09-29,2026-06-30,2026-08-04,91.0,0.6276647112289107,1,2.9038461538461533,-0.4583333333333333,52.0,-0.8863636363636364,1.0,0.0,1.0,0.0,1,54
2026-09-04,ABT,0000001800,2026-07-01,2026-03-31,2026-04-30,92.0,0.43525269361951363,0,-0.1973684210526316,0.0,0.3648648648648649,0.0857142857142858,0.0,0.0,1.0,1.0,0,55
2026-09-04,ACGL,0000947484,2026-09-30,2026-06-30,2026-08-05,92.0,0.6967623281474103,1,-0.07120743034055727,0.9459459459459459,0.390625,-0.021212121212121165,,,,,0,12
2026-09-04,ACN,0001467373,2026-08-30,2026-05-31,2026-06-19,91.0,0.718325230905554,1,0.08882521489971335,0.03900709219858168,-0.01392757660167126,-0.1541353383458647,1.0,1.0,0.0,0.0,2,60
2026-09-04,ACT,0001823529,2026-09-30,2026-06-30,2026-08-07,92.0,0.6972060053872248,1,0.12612612612612603,0.09259259259259246,-0.043478260869565064,-0.04310344827586192,1.0,1.0,0.0,0.0,2,15
2026-09-04,ADBE,0000796343,2026-08-28,2026-05-29,2026-06-16,91.0,0.7692795317950755,1,0.07868020304568529,0.1111111111111111,0.11170212765957445,0.12893982808022914,1.0,1.0,1.0,1.0,7,57
2026-09-04,ADI,0000006281,2026-10-31,2026-08-01,2026-08-20,91.0,0.7255569967591298,1,1.6346153846153848,1.105263157894737,1.1666666666666665,0.3164556962025316,1.0,1.0,1.0,1.0,5,57
2026-09-04,ADM,0000007084,2026-09-30,2026-06-30,2026-08-05,92.0,0.7537459711833615,1,3.155555555555556,0.016393442622950834,4.5,-0.5408163265306123,1.0,1.0,1.0,0.0,3,52
2026-09-04,ADP,0000008670,2026-07-01,2026-03-31,2026-05-01,92.0,0.7977344704985444,1,0.10457516339869276,0.1148936170212766,0.06410256410256426,0.06250000000000006,1.0,1.0,1.0,1.0,8,46
2026-09-04,ADSK,0000769397,2026-10-31,2026-07-31,2026-08-29,92.0,0.7720828583299203,1,0.5958904109589042,2.314285714285714,0.2598425196850394,0.12307692307692301,1.0,1.0,1.0,1.0,4,58
2026-09-04,AEE,0001002910,2026-09-30,2026-06-30,2026-08-04,92.0,0.746206574092142,1,0.1188118811881187,0.19626168224299062,0.3823529411764707,0.041237113402061897,1.0,1.0,1.0,1.0,5,35
2026-09-04,AEP,0000004904,2026-07-01,2026-03-31,2026-05-06,92.0,0.6818815214046753,1,0.06666666666666672,0.00555555555555556,2.578125,-0.21052631578947364,1.0,1.0,1.0,0.0,3,52
2026-09-04,AES,0000874761,2026-09-30,2026-06-30,2026-08-05,92.0,0.8710099445112442,1,5.0,8.714285714285715,0.2535211267605635,-1.5555555555555556,1.0,1.0,1.0,0.0,3,59
2026-09-04,AFL,0000004977,2026-09-30,2026-06-30,2026-08-08,92.0,0.7651163037657959,1,0.46846846846846824,38.599999999999994,19.11764705882353,-0.6419354838709678,1.0,1.0,1.0,0.0,3,58
2026-09-04,AIG,0000005272,2026-09-30,2026-06-30,2026-08-08,92.0,0.40443180148130947,0,-0.101010101010101,0.21551724137931036,0.3098591549295776,1.332214765100671,0.0,1.0,1.0,1.0,0,41
2026-09-04,AIZ,0001267238,2026-09-30,2026-06-30,2026-08-07,92.0,0.6991449829630502,1,0.30482456140350894,0.911660777385159,1.027450980392157,0.2737430167597764,1.0,1.0,1.0,1.0,4,59
2026-09-04,AJG,0000354190,2026-09-30,2026-06-30,2026-08-06,92.0,0.5404408530732877,1,-0.10714285714285708,0.16176470588235292,-0.25179856115107907,0.10236220472440936,0.0,1.0,0.0,1.0,0,32
2026-09-04,AKAM,0001086222,2026-09-30,2026-06-30,2026-08-08,92.0,0.40662094125783255,0,-0.2676056338028168,-0.13414634146341461,1.5526315789473684,-0.17441860465116282,0.0,0.0,1.0,0.0,0,56
2026-09-04,ALB,0000915913,2026-09-30,2026-06-30,2026-08-06,92.0,0.696926214625849,1,23.0,,0.817989417989418,0.9183673469387755,1.0,1.0,1.0,1.0,5,32
2026-09-04,ALGN,0001097149,2026-09-30,2026-06-30,2026-08-06,92.0,0.508522856832335,1,-0.12209302325581393,0.2362204724409449,-0.4967741935483871,0.34374999999999994,0.0,1.0,0.0,1.0,0,28
2026-09-04,ALL,0000899051,2026-09-29,2026-06-30,2026-08-06,91.0,0.649552827173961,1,0.6121134020618557,3.383886255924171,1.0325318246110324,2.2217090069284064,1.0,1.0,1.0,1.0,5,62
2026-09-04,ALLE,0001579241,2026-09-30,2026-06-30,2026-07-24,92.0,0.6623294754815606,1,0.16216216216216206,-0.07017543859649117,0.09547738693467345,0.04519774011299439,1.0,0.0,1.0,1.0,1,38
2026-09-04,AMAT,0000006951,2026-10-25,2026-07-26,2026-08-21,91.0,0.7470746678047999,1,0.4279279279279278,0.33460076045627374,0.7517241379310345,0.08292682926829287,1.0,1.0,1.0,1.0,5,48
2026-09-04,AMCR,0001748790,2026-07-01,2026-03-31,2026-05-08,92.0,0.7876984380913393,1,3.4117647058823524,2.3628318584070795,-0.14393939393939395,0.054263565891472916,1.0,1.0,0.0,1.0,2,23
2026-09-04,AMD,0000002488,2026-09-26,2026-06-27,2026-08-06,91.0,0.6912810855747007,1,1.5555555555555551,0.9090909090909091,0.5957446808510639,2.375,1.0,1.0,1.0,1.0,8,43
2026-09-04,AME,0001037868,2026-09-30,2026-06-30,2026-08-05,92.0,0.7690315463602326,1,0.14193548387096772,0.14473684210526314,0.08843537414965995,0.06896551724137938,1.0,1.0,1.0,1.0,5,46
2026-09-04,AMGN,0000318154,2026-09-30,2026-06-30,2026-08-06,92.0,0.7070893361901587,1,0.649056603773585,0.0437499999999999,0.1360153256704981,0.9202898550724639,1.0,1.0,1.0,1.0,6,57
2026-09-04,AMP,0000820027,2026-09-30,2026-06-30,2026-08-05,92.0,0.6778885442600258,1,0.11649580615097856,0.660377358490566,0.866,0.3379052369077308,1.0,1.0,1.0,1.0,4,58
2026-09-04,AMT,0001053507,2026-07-01,2026-03-31,2026-04-29,92.0,0.8317357287446048,1,0.7692307692307693,2.0769230769230766,-0.59375,-0.4693877551020408,1.0,1.0,0.0,0.0,2,56
2026-09-04,AMZN,0001018724,2026-09-30,2026-06-30,2026-08-01,92.0,0.7797769127799882,1,2.422619047619048,0.7484276729559747,0.36363636363636365,0.33333333333333326,1.0,1.0,1.0,1.0,8,57
2026-09-04,ANET,0001596532,2026-09-30,2026-06-30,2026-08-06,92.0,0.8514909845303527,1,0.35714285714285715,0.25000000000000006,-0.7124463519313305,-0.6634615384615385,,,,,0,27
2026-09-04,AON,0000315293,2026-09-30,2026-06-30,2026-07-30,92.0,0.5331540944704628,1,-0.030075187969924838,0.270880361173815,0.34394904458598713,0.08130081300813015,0.0,1.0,1.0,1.0,0,52
2026-09-04,AOS,0000091142,2026-09-30,2026-06-30,2026-07-31,92.0,0.6817926765617945,1,-0.14953271028037385,-0.10526315789473682,0.14634146341463414,0.009433962264150952,,,,,0,32
2026-09-04,APA,0001841666,2026-09-30,2026-06-30,2026-08-07,92.0,0.7066727430508212,1,0.26347305389221554,0.31250000000000006,1.95,0.14383561643835616,1.0,1.0,1.0,1.0,5,55
2026-09-04,APD,0000002969,2026-09-29,2026-06-30,2026-07-31,91.0,0.5456313938722445,1,-3.0218749999999996,1.4105534105534105,0.09747292418772564,0.02236421725239626,0.0,1.0,1.0,1.0,0,57
2026-09-04,APH,0000820313,2026-09-30,2026-06-30,2026-08-01,92.0,0.5852373902716113,1,0.5930232558139537,0.24137931034482762,1.0208333333333333,1.0975609756097562,,,,,0,57
2026-09-04,APO,0001858681,2026-09-29,2026-06-30,2026-08-11,91.0,0.6021551250495828,1,1.1717171717171717,-5.8088235294117645,1.1550387596899223,-0.2666666666666667,1.0,0.0,1.0,0.0,1,5
2026-09-04,APTV,0001521332,2026-09-29,2026-06-30,2026-08-05,91.0,0.7262706336307018,1,-0.35000000000000003,18.6,-0.4385964912280701,-2.1013513513513513,0.0,1.0,0.0,0.0,0,55
2026-09-04,ARE,0001035443,2026-09-30,2026-06-30,2026-08-04,92.0,0.8981900253732664,1,0.328125,30.999999999999996,-2.4375,-3.56,1.0,1.0,0.0,0.0,2,30
2026-09-04,ATO,0000731802,2026-09-29,2026-06-30,2026-08-06,91.0,0.7962711768861913,1,0.2327586206896552,0.14521452145214536,0.09417040358744393,0.07407407407407393,1.0,1.0,1.0,1.0,8,25
2026-09-04,AVGO,0001730168,2026-08-02,2026-05-03,2026-06-10,91.0,0.6160947419627915,1,0.8543689320388348,0.3157894736842106,3.125,1.3303167420814481,1.0,1.0,1.0,1.0,5,34
2026-09-04,AVY,0000008818,2026-09-29,2026-06-30,2026-08-05,91.0,0.7056230520860539,1,0.1078838174273858,0.04306220095693795,-0.05333333333333338,0.10550458715596328,1.0,1.0,0.0,1.0,2,57
2026-09-04,AWK,0001410636,2026-09-30,2026-06-30,2026-07-30,92.0,0.6610825987984869,1,0.08783783783783791,-0.04761904761904766,0.07777777777777772,0.042253521126760604,1.0,0.0,1.0,1.0,1,41
2026-09-04,AXON,0001069183,2026-09-30,2026-06-30,2026-08-07,92.0,0.6146900604699701,1,-0.18181818181818185,0.8981481481481478,-1.0348837209302326,-0.16981132075471703,0.0,1.0,0.0,0.0,0,11
2026-09-04,AXP,0000004962,2026-09-30,2026-06-30,2026-07-25,92.0,0.7214710378964135,1,0.11029411764705886,0.17582417582417587,0.1862464183381087,-0.01686746987951814,1.0,1.0,1.0,0.0,3,46
2026-09-04,AZO,0000866787,2026-08-01,2026-05-09,2026-06-13,84.0,0.6209163818507474,1,0.07664027149321269,-0.023329798515376463,-0.045510455104551165,-0.036249659307713226,1.0,0.0,0.0,0.0,1,47
2026-09-04,BA,0000012927,2026-09-30,2026-06-30,2026-07-29,92.0,0.6955280853712653,1,0.2717391304347826,0.3125,0.28385155466399203,0.6051502145922747,1.0,1.0,1.0,1.0,5,57
2026-09-04,BAC,0000070858,2026-09-30,2026-06-30,2026-08-01,92.0,0.7617751177581624,1,0.35955056179775274,0.23333333333333342,0.30864197530864196,0.07228915662650609,1.0,1.0,1.0,1.0,5,47
2026-09-04,BALL,0000009389,2026-09-30,2026-06-30,2026-08-05,92.0,0.5961863193345698,1,0.09210526315789468,0.22222222222222224,0.8153846153846153,0.49019607843137253,,,,,0,56
2026-09-04,BAX,0000010456,2026-09-30,2026-06-30,2026-07-31,92.0,0.5804123071171112,1,0.3333333333333333,-1.12,-1.3333333333333333,1.2903225806451615,1.0,0.0,0.0,1.0,1,58
2026-09-04,BBY,0000764478,2026-08-01,2026-05-02,2026-06-06,91.0,0.6790760600904805,1,0.37894736842105275,-0.47619047619047616,-0.3507462686567165,-0.15929203539823006,1.0,0.0,0.0,0.0,1,56
2026-09-04,BDX,0000010795,2026-09-29,2026-06-30,2026-08-07,91.0,0.37067893389967105,0,-0.31499999999999995,-2.0373831775700935,0.2884615384615385,0.19047619047619052,0.0,0.0,1.0,1.0,0,53
2026-09-04,BEN,0000038777,2026-09-29,2026-06-30,2026-08-01,91.0,0.7968042387168346,1,1.0666666666666667,0.8846153846153845,0.5862068965517243,-0.53125,1.0,1.0,1.0,0.0,3,47
2026-09-04,BF.B,0000014693,2026-10-31,2026-07-31,2026-09-03,92.0,0.7191627578673939,1,0.05555555555555561,0.017543859649122823,-0.14545454545454556,-0.1219512195121951,1.0,1.0,0.0,0.0,2,47
2026-09-04,BG,0001996862,2026-07-01,2026-03-31,2026-04-30,92.0,0.26675230797397737,0,-0.7635135135135135,-0.8876146788990825,-0.46153846153846156,4.4375,0.0,0.0,0.0,1.0,0,10
2026-09-04,BIIB,0000875045,2026-07-01,2026-03-31,2026-04-30,92.0,0.795062001744784,1,0.31097560975609756,0.19172932330827058,0.08250000000000002,-0.39259259259259266,1.0,1.0,1.0,0.0,3,56
2026-09-04,BKNG,0001075531,2026-09-30,2026-06-30,2026-08-05,92.0,0.8129745642717406,1,1.3058694859642725,2.3763654419066538,0.13545870325531334,-0.38192879675529523,1.0,1.0,,0.0,2,56
2026-09-04,BLDR,0001316835,2026-09-30,2026-06-30,2026-07-31,92.0,0.4651206469286842,0,-1.0240963855421688,-1.511904761904762,-0.5491803278688524,-0.421602787456446,0.0,0.0,0.0,0.0,0,8
2026-09-04,BLK,0002012383,2026-09-30,2026-06-30,2026-08-07,92.0,0.7454565382041004,1,0.19627085377821393,0.45850622406639,-0.226605504587156,,1.0,1.0,0.0,,2,53
2026-09-04,BMY,0000014272,2026-09-30,2026-06-30,2026-07-31,92.0,0.7537513886091289,1,1.5312500000000002,0.09166666666666676,0.8000000000000002,-0.22891566265060237,1.0,1.0,1.0,0.0,3,57
2026-09-04,BR,0001383312,2026-07-01,2026-03-31,2026-05-01,92.0,0.7161865933569209,1,0.151219512195122,1.0166666666666666,1.0588235294117645,0.14525139664804457,1.0,1.0,1.0,1.0,5,28
2026-09-04,BRO,0000079282,2026-09-30,2026-06-30,2026-07-28,92.0,0.6396682335963686,1,0.07692307692307684,-0.07826086956521727,-0.16049382716049382,-0.13333333333333333,1.0,0.0,0.0,0.0,1,15
2026-09-04,BSX,0000885725,2026-09-30,2026-06-30,2026-08-04,92.0,0.6439808967452355,1,0.150943396226415,1.0,0.59375,1.4090909090909094,1.0,1.0,1.0,1.0,5,47
2026-09-04,BX,0001393818,2026-09-30,2026-06-30,2026-08-08,92.0,0.656430248880748,1,0.5714285714285715,0.037499999999999895,-0.2156862745098039,0.6896551724137931,1.0,1.0,0.0,1.0,2,9
2026-09-04,BXP,0001037540,2026-09-30,2026-06-30,2026-08-07,92.0,0.6212319021829916,1,-0.23214285714285723,0.641025641025641,-2.452830188679245,0.09803921568627459,0.0,1.0,0.0,1.0,0,55
2026-09-04,CAG,0000023217,2026-05-24,2026-02-22,2026-04-02,91.0,0.7181788818170071,1,0.4,-3.3559322033898304,-0.6494845360824741,-0.53125,1.0,0.0,0.0,0.0,1,56
2026-09-04,CARR,0001783180,2026-07-01,2026-03-31,2026-05-01,92.0,0.46102325305530745,0,-0.4042553191489361,0.02040816326530614,-0.7333333333333333,0.6206896551724138,0.0,1.0,0.0,1.0,0,20
2026-09-04,CAT,0000018230,2026-09-30,2026-06-30,2026-08-06,92.0,0.7571107984429827,1,0.6818181818181817,0.30238095238095225,-0.035573122529644216,-0.15693430656934312,1.0,1.0,0.0,0.0,2,57
2026-09-04,CB,0000896159,2026-07-01,2026-03-31,2026-04-29,92.0,0.7815264192053969,1,0.7872340425531914,0.22631578947368422,0.3461538461538461,-0.3709369024856597,1.0,1.0,1.0,0.0,3,54
2026-09-04,CBOE,0001374310,2026-09-30,2026-06-30,2026-08-01,92.0,0.7037232711870641,1,0.5022421524663677,0.5443037974683544,0.3768115942028987,0.6766917293233081,1.0,1.0,1.0,1.0,6,33
2026-09-04,CBRE,0001138118,2026-09-30,2026-06-30,2026-07-30,92.0,0.4371630287175851,0,-0.041666666666666706,0.9814814814814815,0.6575342465753424,0.7142857142857143,0.0,1.0,1.0,1.0,0,54
2026-09-04,CCI,0001051470,2026-09-30,2026-06-30,2026-08-06,92.0,0.5382615612524099,1,-0.6716417910447762,1.3177570093457944,0.0571428571428572,0.1551724137931036,0.0,1.0,1.0,1.0,0,56
2026-09-04,CCL,0000815097,2026-08-31,2026-05-31,2026-06-27,92.0,0.42055903147532797,0,-0.07142857142857137,4.166666666666667,0.0555555555555556,4.999999999999999,0.0,1.0,1.0,1.0,0,45
2026-09-04,CDNS,0000813672,2026-07-01,2026-03-31,2026-05-02,92.0,0.7368446395988257,1,0.22999999999999998,0.20689655172413798,-0.2976190476190476,0.09890109890109887,1.0,1.0,0.0,1.0,2,26
2026-09-04,CDW,0001402057,2026-09-30,2026-06-30,2026-08-06,92.0,0.6858834874531698,1,0.0487804878048781,0.076923076923077,-0.05555555555555551,-0.00966183574879228,1.0,1.0,0.0,0.0,2,23
2026-09-04,CEG,0001868275,2026-09-30,2026-06-30,2026-08-07,92.0,0.5789157029325955,1,-0.46816479400749067,10.81578947368421,-0.22251308900523553,0.0348837209302325,0.0,1.0,0.0,1.0,0,14
2026-09-04,CF,0001324404,2026-09-30,2026-06-30,2026-08-07,92.0,0.7998975756017882,1,0.9957805907172996,1.1513513513513511,0.41290322580645156,0.03043478260869578,1.0,1.0,1.0,1.0,6,56
2026-09-04,CFG,0000759944,2026-09-30,2026-06-30,2026-08-04,92.0,0.739497922678182,1,0.41304347826086957,0.46753246753246736,0.36363636363636365,0.1794871794871795,1.0,1.0,1.0,1.0,5,32
2026-09-04,CHD,0000313927,2026-09-30,2026-06-30,2026-08-01,92.0,0.6751128212153678,1,0.08974358974358967,0.02247191011235957,3.4193548387096775,-0.2121212121212121,,,,,0,38
2026-09-04,CHRW,0001043277,2026-09-30,2026-06-30,2026-08-01,92.0,0.7300955410666089,1,0.23809523809523814,0.09909909909909898,0.675,0.19999999999999996,1.0,1.0,1.0,1.0,7,56
2026-09-04,CHTR,0001091667,2026-09-30,2026-06-30,2026-07-25,92.0,0.7126072714861975,1,0.1612200435729848,0.08907363420427554,-0.05442176870748304,0.08127208480565365,1.0,1.0,0.0,1.0,2,35
2026-09-04,CI,0001739940,2026-09-30,2026-06-30,2026-07-31,92.0,0.72022044595459,1,0.10157618213660247,0.29072164948453616,1.6539923954372626,0.047706422018348585,1.0,1.0,1.0,1.0,5,49
2026-09-04,CINF,0000020286,2026-09-30,2026-06-30,2026-07-28,92.0,0.6918993737932798,1,0.8548387096774196,4.0701754385964914,0.36730769230769234,1.1919191919191918,1.0,1.0,1.0,1.0,4,56
2026-09-04,CL,0000021665,2026-09-30,2026-06-30,2026-08-01,92.0,0.509205369364381,1,-0.05494505494505499,-0.05882352941176463,0.01111111111111112,0.02247191011235957,0.0,0.0,1.0,1.0,0,57
2026-09-04,CLX,0000021076,2026-07-01,2026-03-31,2026-05-01,92.0,0.46489417015315365,0,0.02666666666666669,-0.16233766233766234,-0.18750000000000003,4.658536585365853,1.0,0.0,0.0,1.0,1,57
2026-09-04,CMCSA,0001166691,2026-09-30,2026-06-30,2026-07-24,92.0,0.2881246171922618,0,-0.6677852348993288,-0.3258426966292135,-0.042553191489361625,1.98,0.0,0.0,0.0,1.0,0,57
2026-09-04,CME,0001156375,2026-09-30,2026-06-30,2026-07-25,92.0,0.688811214490239,1,0.024911032028469695,0.2137404580152672,-0.003999999999999915,0.16115702479338848,1.0,1.0,0.0,1.0,2,57
2026-09-04,CMG,0001058090,2026-09-30,2026-06-30,2026-08-01,92.0,0.5179528511188084,1,0.0,-0.1785714285714286,0.035714285714285546,-0.030303030303030328,0.0,0.0,,,0,56
2026-09-04,CMI,0000026172,2026-09-30,2026-06-30,2026-08-05,92.0,0.6116849659330665,1,0.046656298600311154,-0.20973154362416108,-0.34129692832764513,0.2224334600760456,1.0,0.0,0.0,1.0,1,52
2026-09-04,CMS,0000811156,2026-09-30,2026-06-30,2026-07-29,92.0,0.5520807452255021,1,-0.43939393939393945,0.08910891089108919,0.09523809523809533,0.015384615384615398,0.0,1.0,1.0,1.0,0,58
2026-09-04,CNC,0001071739,2026-09-30,2026-06-30,2026-07-29,92.0,0.912142081154137,1,5.294117647058823,0.18250950570342206,-10.926470588235293,-1.236111111111111,,,,,0,36
2026-09-04,CNP,0001130310,2026-07-01,2026-03-31,2026-04-24,92.0,0.7506134621574537,1,0.0666666666666666,0.5000000000000001,-0.16666666666666666,-0.18181818181818185,1.0,1.0,0.0,0.0,2,55
2026-09-04,COF,0000927628,2026-07-01,2026-03-31,2026-05-08,92.0,0.6356038282773193,1,-0.03188405797101458,0.09523809523809522,-7.217391304347827,0.10223642172523971,0.0,1.0,0.0,1.0,0,49
2026-09-04,COIN,0001679788,2026-09-30,2026-06-30,2026-07-31,92.0,0.12398077369531692,0,-1.2645914396887161,-7.208333333333334,4.357142857142857,35.71428571428571,0.0,0.0,1.0,1.0,0,4
2026-09-04,COO,0000711404,2026-07-31,2026-04-30,2026-06-06,92.0,0.46994139298479165,0,-1.9090909090909092,0.2692307692307693,-0.057692307692307744,0.0,0.0,1.0,0.0,0.0,0,34
2026-09-04,COP,0001163165,2026-09-30,2026-06-30,2026-08-07,92.0,0.6964160334451571,1,1.0705128205128205,-0.20179372197309414,-0.21590909090909097,-0.2121212121212121,1.0,0.0,0.0,0.0,1,47
2026-09-04,COR,0001140859,2026-09-29,2026-06-30,2026-08-06,91.0,0.7232437465251413,1,0.1193181818181818,1.282608695652174,0.14800000000000005,0.4545454545454546,1.0,1.0,1.0,1.0,5,57
2026-09-04,COST,0000909832,2026-08-02,2026-05-10,2026-06-04,84.0,0.7823556935533068,1,0.15186915887850455,0.13930348258706482,0.11386138613861385,0.1322751322751324,1.0,1.0,1.0,1.0,8,47
2026-09-04,CPAY,0001175454,2026-09-30,2026-06-30,2026-08-11,92.0,0.5617853866291018,1,-0.0703517587939698,0.49117647058823544,0.0025641025641026235,0.13068181818181818,0.0,1.0,1.0,1.0,0,29
2026-09-04,CPB,0000016732,2026-08-02,2026-05-03,2026-06-09,91.0,0.7188070908623257,1,0.8636363636363635,-0.17241379310344826,-0.09722222222222215,-0.5,1.0,0.0,0.0,0.0,1,57
2026-09-04,CPRT,0000900075,2026-07-31,2026-04-30,2026-05-30,92.0,0.6810888554373414,1,0.023809523809523832,-0.10000000000000009,0.10810810810810806,0.07692307692307684,,,,,0,27
2026-09-04,CPT,0000906345,2026-09-30,2026-06-30,2026-08-01,92.0,0.2828818249448163,0,-0.7567567567567568,0.11111111111111122,26.0,0.8499999999999999,0.0,1.0,1.0,1.0,0,14
2026-09-04,CRL,0001100682,2026-09-26,2026-06-27,2026-08-06,91.0,0.433945566457831,0,-1.028301886792453,-1.6,-0.17293233082706766,-0.3908045977011494,0.0,0.0,0.0,0.0,0,16
2026-09-04,CRM,0001108524,2026-10-31,2026-07-31,2026-08-28,92.0,0.7674807324348516,1,1.1887755102040818,0.5220125786163521,0.3860759493670885,0.3333333333333333,1.0,1.0,1.0,1.0,8,57
2026-09-04,CRWD,0001535527,2026-10-31,2026-07-31,2026-08-28,92.0,0.8754934804163316,1,1.032258064516129,1.25,-1.0,-2.6315789473684212,1.0,1.0,0.0,0.0,2,7
2026-09-04,CSCO,0000858877,2026-07-25,2026-04-25,2026-05-20,91.0,0.7356328798306533,1,0.3709677419354838,0.3114754098360657,0.058823529411764594,0.3478260869565217,1.0,1.0,1.0,1.0,4,52
2026-09-04,CSGP,0001057352,2026-09-30,2026-06-30,2026-07-30,92.0,0.8735451703874054,1,13.0,1.25,-1.5384615384615385,-0.7999999999999999,1.0,1.0,0.0,0.0,2,12
2026-09-04,CSX,0000277948,2026-09-30,2026-06-30,2026-07-23,92.0,0.7903374086622698,1,0.22727272727272735,0.26470588235294107,-0.19565217391304351,-0.10204081632653059,,,,,0,57
2026-09-04,CTAS,0000723254,2026-05-30,2026-02-28,2026-04-08,91.0,0.7718067947034374,1,0.09734513274336293,0.11009174311926594,0.09090909090909079,0.17708333333333326,1.0,1.0,1.0,1.0,8,49
2026-09-04,CTSH,0001058290,2026-07-01,2026-03-31,2026-04-30,92.0,0.5871328923034052,1,0.03731343283582076,-0.5213675213675213,0.14912280701754402,0.21818181818181814,1.0,0.0,1.0,1.0,1,55
2026-09-04,CTVA,0001755672,2026-09-30,2026-06-30,2026-08-01,92.0,0.4592642723703182,0,-0.09895833333333331,0.12631578947368433,0.3815789473684211,0.27152317880794696,0.0,1.0,1.0,1.0,0,22
2026-09-04,CVS,0000064803,2026-09-30,2026-06-30,2026-08-06,92.0,0.8804496468521137,1,1.8875,0.6312056737588652,-45.71428571428571,-0.43262411347517726,1.0,1.0,0.0,0.0,2,56
2026-09-04,CVX,0000093410,2026-09-30,2026-06-30,2026-08-07,92.0,0.7294657951811656,1,3.213793103448276,-0.44499999999999995,-0.2661290322580645,-0.4032921810699589,1.0,0.0,0.0,0.0,1,47
2026-09-04,CZR,0001590895,2026-09-30,2026-06-30,2026-07-29,92.0,0.7558027738447376,1,0.23076923076923084,0.1111111111111112,-5.75,0.3035714285714286,1.0,1.0,0.0,1.0,2,17
2026-09-04,D,0000715957,2026-07-01,2026-03-31,2026-05-02,92.0,0.5347874439193354,1,-0.08000000000000007,3.3333333333333335,0.035714285714285546,0.3538461538461538,0.0,1.0,1.0,1.0,0,36
2026-09-04,DAL,0000027904,2026-09-30,2026-06-30,2026-07-11,92.0,0.34264555806518954,0,-0.25382262996941896,-2.1891891891891895,0.1015228426395939,0.6268656716417912,0.0,0.0,1.0,1.0,0,46
2026-09-04,DASH,0001792789,2026-09-29,2026-06-30,2026-08-06,91.0,0.27070889115983293,0,-0.2923076923076923,-0.0454545454545455,0.4473684210526317,2.710526315789474,0.0,0.0,1.0,1.0,0,5
2026-09-04,DD,0001666700,2026-09-30,2026-06-30,2026-08-05,92.0,0.8578560406322671,1,6.5,1.276595744680851,,-1.2685185185185186,1.0,1.0,,0.0,2,23
2026-09-04,DE,0000315189,2026-11-01,2026-08-02,2026-08-28,91.0,0.6789527017722817,1,0.07368421052631571,-0.013554216867469859,-0.2413793103448276,-0.24483306836248014,1.0,0.0,0.0,0.0,1,58
2026-09-04,DECK,0000910521,2026-09-30,2026-06-30,2026-07-31,92.0,0.7385222170995449,1,0.0107526881720429,0.11000000000000003,0.14465408805031443,0.2345132743362833,1.0,1.0,1.0,1.0,8,8
2026-09-04,DELL,0001571996,2026-07-31,2026-05-01,2026-06-10,91.0,0.7708723541037037,1,2.824817518248175,0.4430379746835441,0.45299145299145305,0.03787878787878791,1.0,1.0,1.0,1.0,4,6
2026-09-04,DG,0000029534,2026-10-30,2026-07-31,2026-08-28,91.0,0.743968370408606,1,0.33333333333333326,0.12359550561797751,0.43820224719101125,0.09411764705882361,1.0,1.0,1.0,1.0,5,51
2026-09-04,DGX,0001022079,2026-09-30,2026-06-30,2026-07-24,92.0,0.7539974059131465,1,0.1497975708502023,0.1546391752577321,0.08542713567839204,0.2167487684729066,1.0,1.0,1.0,1.0,6,57
2026-09-04,DHI,0000882184,2026-09-29,2026-06-30,2026-07-24,91.0,0.4908821823768281,0,-0.04761904761904753,-0.13178294573643404,-0.22222222222222227,-0.18048780487804875,0.0,0.0,0.0,0.0,0,57
2026-09-04,DHR,0000313616,2026-09-25,2026-06-26,2026-07-22,91.0,0.7908198080856428,1,0.5974025974025974,0.0984848484848484,0.13392857142857134,-0.3688524590163934,1.0,1.0,1.0,0.0,3,57
2026-09-04,DIS,0001744489,2026-09-26,2026-06-27,2026-08-06,91.0,0.31752604529742273,0,-0.4828767123287671,-0.2983425414364641,-0.04285714285714274,1.041958041958042,0.0,0.0,0.0,1.0,0,49
2026-09-04,DLPH,0001521332,2026-09-29,2026-06-30,2026-08-05,91.0,0.7262706336307018,1,-0.35000000000000003,18.6,-0.4385964912280701,-2.1013513513513513,0.0,1.0,0.0,0.0,0,55
2026-09-04,DLR,0001297996,2026-07-01,2026-03-31,2026-05-02,92.0,0.7396218590838874,1,0.7037037037037037,0.6666666666666666,13.699999999999998,-0.6707317073170731,1.0,1.0,1.0,0.0,3,35
2026-09-04,DLTR,0000935703,2026-10-31,2026-08-01,2026-08-28,91.0,0.7399993513141264,1,1.967032967032967,0.09316770186335398,0.111111111111111,0.46774193548387105,1.0,1.0,1.0,1.0,5,55
2026-09-04,DOC,0000765880,2026-09-30,2026-06-30,2026-08-06,92.0,0.8668478107996844,1,0.6,3.6666666666666674,-2.416666666666667,-0.7619047619047619,1.0,1.0,0.0,0.0,2,53
2026-09-04,DOV,0000029905,2026-09-30,2026-06-30,2026-07-24,92.0,0.708827476906384,1,0.13861386138613851,0.04790419161676651,-0.1274900398406374,-0.00980392156862746,1.0,1.0,0.0,0.0,2,56
2026-09-04,DOW,0001751788,2026-07-01,2026-03-31,2026-04-25,92.0,0.6079363683661417,1,-0.6818181818181818,-0.7333333333333333,-2.9032258064516125,-1.6027397260273972,0.0,0.0,0.0,0.0,0,21
2026-09-04,DPZ,0001286681,2026-09-06,2026-06-14,2026-07-21,84.0,0.6116248935959234,1,0.06824146981627302,-0.046189376443418056,-0.02625298329355616,-0.05459057071960302,1.0,0.0,0.0,0.0,1,19
2026-09-04,DRI,0000940944,2026-05-24,2026-02-22,2026-03-28,91.0,0.5419661850997859,1,-0.03284671532846726,0.11538461538461524,0.2586206896551724,0.05384615384615389,0.0,1.0,1.0,1.0,0,56
2026-09-04,DTE,0000936340,2026-07-01,2026-03-31,2026-05-01,92.0,0.38851496217044446,0,-0.44392523364485986,-0.12608695652173915,-0.29032258064516125,0.4172185430463577,0.0,0.0,0.0,1.0,0,57
2026-09-04,DUK,0001326160,2026-07-01,2026-03-31,2026-05-06,92.0,0.7658862311404578,1,0.1193181818181818,0.13124999999999998,0.10619469026548684,0.22222222222222227,1.0,1.0,1.0,1.0,8,51
2026-09-04,DVA,0000927066,2026-09-30,2026-06-30,2026-08-05,92.0,0.7700234230850603,1,0.5581395348837207,0.43500000000000005,-0.184,0.03200000000000003,1.0,1.0,0.0,1.0,2,57
2026-09-04,DVN,0001090012,2026-09-30,2026-06-30,2026-08-06,92.0,0.654321017039803,1,0.43971631205673756,-0.7532467532467533,-0.1615384615384615,0.052238805970149134,1.0,0.0,0.0,1.0,1,55
2026-09-04,DXCM,0001093557,2026-09-30,2026-06-30,2026-07-31,92.0,0.6895725761820687,1,0.4222222222222222,0.8888888888888888,1.0588235294117645,0.2857142857142858,1.0,1.0,1.0,1.0,4,19
2026-09-04,EBAY,0001065088,2026-09-30,2026-06-30,2026-08-07,92.0,0.7142555331491884,1,0.531645569620253,0.05660377358490571,0.046511627906976785,0.7555555555555555,1.0,1.0,1.0,1.0,5,58
2026-09-04,ECL,0000031462,2026-09-30,2026-06-30,2026-08-07,92.0,0.7230596472003222,1,0.03260869565217382,0.07801418439716319,-0.20542635658914737,0.07602339181286556,1.0,1.0,0.0,1.0,2,61
2026-09-04,ED,0001047862,2026-07-01,2026-03-31,2026-05-08,92.0,0.7537895721500126,1,0.12888888888888891,0.12426035502958578,0.17241379310344845,0.08173076923076919,1.0,1.0,1.0,1.0,5,46
2026-09-04,EFX,0000033185,2026-09-30,2026-06-30,2026-07-22,92.0,0.7403566132525362,1,0.006535947712418306,0.33962264150943383,0.14159292035398244,0.1679389312977099,1.0,1.0,1.0,1.0,5,57
2026-09-04,EG,0001095073,2026-09-30,2026-06-30,2026-08-04,92.0,0.5843226329927135,1,-0.11677018633540376,2.3081632653061224,-0.4838983050847458,-0.035928143712574724,0.0,1.0,0.0,0.0,0,32
2026-09-04,EIX,0000827052,2026-07-01,2026-03-31,2026-04-29,92.0,0.2656262855353866,0,-0.6317204301075269,0.6363636363636364,-0.21238938053097337,125.0,0.0,1.0,0.0,1.0,0,56
2026-09-04,EL,0001001250,2026-07-01,2026-03-31,2026-05-02,92.0,0.5570162743400887,1,-0.4545454545454546,1.2682926829268293,1.302325581395349,-0.5164835164835165,0.0,1.0,1.0,0.0,0,56
2026-09-04,ELV,0001156039,2026-09-30,2026-06-30,2026-07-16,92.0,0.4725014887597346,0,-0.13082901554404142,-0.16753381893860558,0.2201834862385321,-0.216243654822335,0.0,0.0,1.0,0.0,0,57
2026-09-04,EMN,0000915389,2026-09-30,2026-06-30,2026-08-01,92.0,0.7254900080917641,1,0.3250000000000001,-0.4076433121019108,-0.7385620915032679,-0.3814432989690722,1.0,0.0,0.0,0.0,1,58
2026-09-04,EMR,0000032604,2026-09-30,2026-06-30,2026-08-05,92.0,0.6626776064520217,1,0.23076923076923075,0.049019607843137296,-0.3526011560693641,0.8245614035087722,1.0,1.0,0.0,1.0,2,61
2026-09-04,ENPH,0001463101,2026-07-01,2026-03-31,2026-04-29,92.0,0.2867292155340837,0,-1.272727272727273,0.515151515151515,2.5,2.833333333333333,0.0,1.0,1.0,1.0,0,7
2026-09-04,EOG,0000821189,2026-09-30,2026-06-30,2026-08-05,92.0,0.770290605278018,1,1.0934959349593498,0.39622641509433976,-0.0847457627118644,-0.1661016949152543,1.0,1.0,0.0,0.0,2,55
2026-09-04,EPAM,0001352010,2026-09-30,2026-06-30,2026-08-07,92.0,0.7326629447496286,1,0.2628205128205128,0.1875,-0.19409282700421948,-0.08235294117647053,1.0,1.0,0.0,0.0,2,14
2026-09-04,EQIX,0001101239,2026-09-30,2026-06-30,2026-07-30,92.0,0.7589253905465971,1,0.28800000000000003,0.20000000000000004,0.2290322580645161,0.1867088607594936,1.0,1.0,1.0,1.0,7,41
2026-09-04,EQT,0000033213,2026-09-30,2026-06-30,2026-07-23,92.0,0.22029270485228877,0,-0.7384615384615384,4.8999999999999995,1.9814814814814814,64.0,0.0,1.0,1.0,1.0,0,42
2026-09-04,ES,0000072741,2026-09-30,2026-06-30,2026-08-04,92.0,0.4339506629821864,0,-0.8541666666666666,0.0733333333333334,4.0,0.010526315789473694,0.0,1.0,1.0,1.0,0,32
2026-09-04,ESS,0000920522,2026-09-30,2026-06-30,2026-07-31,92.0,0.2829276096564437,0,-0.7180232558139534,-0.47784810126582283,0.3913043478260869,1.3724137931034484,0.0,0.0,1.0,1.0,0,44
2026-09-04,ETN,0001551182,2026-09-30,2026-06-30,2026-08-01,92.0,0.49552084106820365,0,-0.15936254980079678,-0.09387755102040815,0.02371541501976287,0.012096774193548309,0.0,0.0,1.0,1.0,0,41
2026-09-04,ETR,0000065984,2026-07-01,2026-03-31,2026-05-02,92.0,0.49170297214126296,0,0.012195121951219523,0.02341137123745814,3.565217391304348,1.342857142857143,,1.0,,,0,56
2026-09-04,EVRG,0001711269,2026-07-01,2026-03-31,2026-05-08,92.0,0.7327698804721411,1,0.18518518518518512,0.004950495049504845,-0.1777777777777778,0.018867924528301903,1.0,1.0,0.0,1.0,2,24
2026-09-04,EW,0001099800,2026-09-30,2026-06-30,2026-08-05,92.0,0.5809041308743884,1,-0.2500000000000001,0.08196721311475418,-0.9025341130604289,-0.081967213114754,0.0,1.0,0.0,0.0,0,58
2026-09-04,EXC,0001109357,2026-07-01,2026-03-31,2026-05-07,92.0,0.4920327347784675,0,0.0,0.22857142857142862,-0.13333333333333333,0.3636363636363636,0.0,1.0,0.0,1.0,0,49
2026-09-04,EXE,0000895126,2026-07-01,2026-03-31,2026-04-29,92.0,0.8546995390297915,1,5.537735849056602,3.6823529411764704,3.3236994219653178,-6.888888888888889,1.0,1.0,1.0,0.0,3,4
2026-09-04,EXPD,0000746515,2026-09-30,2026-06-30,2026-08-06,92.0,0.8030609386779641,1,0.5149253731343281,0.16326530612244897,0.0061349693251533804,0.08064516129032265,1.0,1.0,1.0,1.0,6,57
2026-09-04,EXPE,0001324424,2026-09-30,2026-06-30,2026-08-07,92.0,0.7700209208740408,1,1.8870967741935483,0.967948717948718,0.45436507936507936,-0.11428571428571424,1.0,1.0,1.0,0.0,3,53
2026-09-04,EXR,0001289490,2026-09-30,2026-06-30,2026-08-01,92.0,0.5754033738795912,1,0.05932203389830514,-0.1093750000000001,-0.14285714285714285,0.34090909090909083,1.0,0.0,0.0,1.0,1,37
2026-09-04,F,0000037996,2026-07-01,2026-03-31,2026-05-01,92.0,0.8617716533855837,1,4.25,1.7272727272727273,-1.0217391304347827,-0.6363636363636364,1.0,1.0,0.0,0.0,2,46
2026-09-04,FANG,0001539838,2026-09-30,2026-06-30,2026-08-06,92.0,0.7136527097856186,1,1.7941176470588238,-0.9834368530020704,0.1003134796238244,-0.4892703862660945,1.0,0.0,1.0,0.0,1,25
2026-09-04,FAST,0000815556,2026-09-30,2026-06-30,2026-07-17,92.0,0.8065523079005917,1,0.13793103448275876,-0.42307692307692313,-0.44230769230769235,-0.43137254901960786,,,,,0,53
2026-09-04,FB,0001326801,2026-09-30,2026-06-30,2026-07-31,92.0,0.5337534825823473,1,-0.13445378151260504,0.6236391912908242,-0.8258706467661692,0.38372093023255804,0.0,1.0,0.0,1.0,0,38
2026-09-04,FCX,0000831259,2026-09-30,2026-06-30,2026-08-07,92.0,0.729782394616364,1,0.28301886792452835,1.5416666666666667,0.2777777777777779,0.26190476190476203,1.0,1.0,1.0,1.0,4,45
2026-09-04,FDS,0001013237,2026-08-31,2026-05-31,2026-07-02,92.0,0.46525437283622395,0,-0.09560723514211888,-0.04521276595744679,0.043701799485861045,-0.053789731051344686,0.0,0.0,1.0,0.0,0,15
2026-09-04,FDX,0001048911,2026-05-30,2026-02-28,2026-03-20,91.0,0.7712061989458185,1,0.172872340425532,0.3333333333333334,0.0778816199376947,0.07122507122507123,1.0,1.0,1.0,1.0,4,56
2026-09-04,FE,0001031296,2026-07-01,2026-03-31,2026-04-29,92.0,0.6194097940057228,1,0.12903225806451607,0.04109589041095894,4.75,0.40909090909090906,1.0,1.0,1.0,1.0,5,54
2026-09-04,FFIV,0001048695,2026-09-29,2026-06-30,2026-08-07,91.0,0.748922347904457,1,0.11384615384615387,0.040322580645161324,0.09929078014184406,0.33196721311475413,1.0,1.0,1.0,1.0,8,57
2026-09-04,FICO,0000814547,2026-09-29,2026-06-30,2026-07-30,91.0,0.7411367006822668,1,0.412162162162162,0.6904400606980274,0.07654723127035841,0.4653465346534655,1.0,1.0,1.0,1.0,6,11
2026-09-04,FIS,0001136893,2026-09-30,2026-06-30,2026-08-05,92.0,0.8797704812838707,1,1.5,29.53333333333333,0.2195121951219513,-3.0454545454545454,1.0,1.0,1.0,0.0,3,47
2026-09-04,FITB,0000035527,2026-09-30,2026-06-30,2026-08-05,92.0,0.43733993369492163,0,-0.05681818181818187,-0.7887323943661971,0.16666666666666666,0.08641975308641969,0.0,0.0,1.0,1.0,0,47
2026-09-04,FLT,0001175454,2026-09-30,2026-06-30,2026-08-11,92.0,0.5617853866291018,1,-0.0703517587939698,0.49117647058823544,0.0025641025641026235,0.13068181818181818,0.0,1.0,1.0,1.0,0,29
2026-09-04,FRT,0000034903,2026-07-01,2026-03-31,2026-05-02,92.0,0.6556057201928603,1,1.513888888888889,-0.0142857142857143,0.34848484848484845,0.09090909090909081,1.0,0.0,1.0,1.0,1,33
2026-09-04,FSLR,0001274494,2026-09-30,2026-06-30,2026-07-31,92.0,0.7184868427786872,1,0.2327044025157232,0.6512820512820514,0.4570446735395189,-0.02153846153846149,1.0,1.0,1.0,0.0,3,29
2026-09-04,FTNT,0001262039,2026-09-30,2026-06-30,2026-07-31,92.0,0.7199180345324356,1,0.4385964912280702,0.28571428571428553,-0.11428571428571424,0.1632653061224489,1.0,1.0,0.0,1.0,2,24
2026-09-04,FTV,0001659166,2026-07-03,2026-04-03,2026-05-01,91.0,0.5802441045137994,1,-0.12,,-0.7460317460317459,-0.10909090909090918,0.0,,0.0,0.0,0,36
2026-09-04,GDDY,0001609711,2026-09-30,2026-06-30,2026-08-01,92.0,0.7157507216194493,1,0.297872340425532,,,,1.0,,,,1,4
2026-09-04,GE,0000040545,2026-09-30,2026-06-30,2026-07-17,92.0,0.5673929667357597,1,0.19576719576719573,-0.010928961748633888,0.1882352941176471,0.6434782608695653,1.0,0.0,1.0,1.0,1,60
2026-09-04,GEHC,0001932393,2026-07-01,2026-03-31,2026-04-30,92.0,0.3635524854714589,0,-0.3089430894308943,-0.03921568627450984,0.13978494623655913,0.5185185185185184,0.0,0.0,1.0,1.0,0,10
2026-09-04,GEN,0000849399,2026-10-02,2026-07-03,2026-08-08,91.0,0.7719710933022123,1,0.6363636363636362,0.19230769230769226,-0.19230769230769237,-0.24137931034482754,1.0,1.0,0.0,0.0,2,43
2026-09-04,GEV,0001996810,2026-09-30,2026-06-30,2026-07-23,92.0,0.7606296405413524,1,0.32795698924731187,18.164835164835164,5.685714285714285,-0.6,1.0,1.0,1.0,0.0,3,7
2026-09-04,GILD,0000882095,2026-09-30,2026-06-30,2026-08-07,92.0,0.40302314353945295,0,-6.416666666666666,0.5480769230769231,1.4300000000000002,0.20930232558139536,0.0,1.0,1.0,1.0,0,57
2026-09-04,GIS,0000040704,2026-08-30,2026-05-31,2026-07-02,91.0,0.30478729822835265,0,-8.056603773584905,-0.5,-0.45070422535211263,1.1553398058252429,0.0,0.0,0.0,1.0,0,62
2026-09-04,GL,0000320335,2026-09-30,2026-06-30,2026-08-06,92.0,0.7767168794506712,1,0.1967213114754099,0.12624584717607987,0.37500000000000017,0.07773851590105998,1.0,1.0,1.0,1.0,8,58
2026-09-04,GLW,0000024741,2026-07-01,2026-03-31,2026-05-02,92.0,0.7563764442797648,1,1.3888888888888888,4.571428571428571,3.5000000000000004,-0.25,1.0,1.0,1.0,0.0,3,52
2026-09-04,GM,0001467858,2026-09-30,2026-06-30,2026-07-22,92.0,0.5040978286817076,1,-0.2617801047120419,-0.15820895522388068,-0.4962686567164179,-0.25098039215686274,0.0,0.0,0.0,0.0,0,44
2026-09-04,GNRC,0001474735,2026-09-30,2026-06-30,2026-08-05,92.0,0.735367863149056,1,0.9199999999999999,0.6986301369863014,-0.40740740740740733,0.288659793814433,1.0,1.0,0.0,1.0,2,20
2026-09-04,GOOG,0001652044,2026-09-30,2026-06-30,2026-07-24,92.0,0.7896408760049911,1,2.943722943722943,0.8185053380782918,0.35377358490566035,0.22222222222222232,1.0,1.0,1.0,1.0,8,29
2026-09-04,GOOGL,0001652044,2026-09-30,2026-06-30,2026-07-24,92.0,0.7900921434781745,1,2.943722943722943,0.8185053380782918,0.35377358490566035,0.22222222222222232,1.0,1.0,1.0,1.0,8,31
2026-09-04,GPC,0000040987,2026-09-30,2026-06-30,2026-07-22,92.0,0.45577090430424794,0,-0.098360655737705,-0.02142857142857129,0.0,-0.1327014218009478,0.0,0.0,0.0,0.0,0,48
2026-09-04,GPN,0001123360,2026-09-30,2026-06-30,2026-08-06,92.0,0.36780511543734445,0,-0.9494949494949495,-6.314516129032258,1.1290322580645162,-0.32653061224489793,0.0,0.0,1.0,0.0,0,36
2026-09-04,GRMN,0001121788,2026-06-27,2026-03-28,2026-04-30,91.0,0.7458979602117362,1,0.21511627906976738,0.004830917874396247,0.32692307692307676,0.20279720279720284,1.0,1.0,1.0,1.0,8,44
2026-09-04,GS,0000886982,2026-09-30,2026-06-30,2026-08-04,92.0,0.7597691141962547,1,0.923006416131989,0.24291784702549588,0.45833333333333326,0.2656612529002321,1.0,1.0,1.0,1.0,8,47
2026-09-04,GWW,0000277135,2026-09-30,2026-06-30,2026-08-05,92.0,0.7583010825814032,1,0.20461384152457363,0.18154158215010152,-0.3799392097264437,0.048370136698212496,1.0,1.0,0.0,1.0,2,57
2026-09-04,HAL,0000045012,2026-09-30,2026-06-30,2026-07-25,92.0,0.8077341055036159,1,0.16363636363636358,1.291666666666667,-0.9692307692307692,-0.3125,1.0,1.0,0.0,0.0,2,34
2026-09-04,HAS,0000046080,2026-09-27,2026-06-28,2026-07-31,91.0,0.8917655775227896,1,1.1836065573770491,0.9857142857142857,0.031446540880503034,-7.161616161616162,1.0,1.0,1.0,0.0,3,57
2026-09-04,HBAN,0000049196,2026-07-01,2026-03-31,2026-05-01,92.0,0.4895577867922593,0,-0.26470588235294124,0.2424242424242423,0.13333333333333347,0.30769230769230776,0.0,1.0,1.0,1.0,0,55
2026-09-04,HCA,0000860730,2026-07-01,2026-03-31,2026-04-30,92.0,0.7737844969811722,1,0.10852713178294576,0.42622950819672134,0.23508137432188062,0.08768971332209115,1.0,1.0,1.0,1.0,7,40
2026-09-04,HD,0000354950,2026-11-01,2026-08-02,2026-08-26,91.0,0.6082081360105319,1,0.045851528384279465,-0.04347826086956532,-0.013623978201634829,-0.004347826086956429,1.0,0.0,0.0,0.0,1,55
2026-09-04,HIG,0000874766,2026-09-30,2026-06-30,2026-07-24,92.0,0.6938643379085919,1,0.3604651162790697,0.4139534883720931,0.47265625,0.4098360655737705,1.0,1.0,1.0,1.0,4,58
2026-09-04,HII,0001501585,2026-09-30,2026-06-30,2026-07-31,92.0,0.6388001925813305,1,0.36528497409326416,0.0,0.43750000000000006,-0.11872146118721462,1.0,0.0,1.0,0.0,1,30
2026-09-04,HLT,0001585689,2026-09-30,2026-06-30,2026-07-29,92.0,0.7447149802595722,1,0.14130434782608695,0.3495934959349593,0.28985507246376824,0.10179640718562884,1.0,1.0,1.0,1.0,5,32
2026-09-04,HOLX,0000859737,2026-03-28,2025-12-27,2026-01-30,91.0,0.6012179106934198,1,-0.0919540229885057,0.04878048780487809,-1.1111111111111112,-0.15533980582524273,0.0,1.0,0.0,0.0,0,35
2026-09-04,HON,0000773840,2026-09-30,2026-06-30,2026-07-24,92.0,0.650069600277728,1,6.277551020408162,-0.41891891891891897,,0.3240740740740739,1.0,0.0,,1.0,1,58
2026-09-04,HPE,0001645590,2026-10-31,2026-07-31,2026-09-04,92.0,0.8280040745365983,1,4.047619047619048,1.5365853658536586,-0.29545454545454547,-0.4473684210526316,1.0,1.0,0.0,0.0,2,36
2026-09-04,HPQ,0000047217,2026-10-31,2026-07-31,2026-08-28,92.0,0.4865119442491635,0,-0.1125000000000001,0.16666666666666669,-0.0169491525423729,0.23076923076923078,0.0,1.0,0.0,1.0,0,48
2026-09-04,HRL,0000048465,2026-10-25,2026-07-26,2026-08-28,91.0,0.676204326439244,1,-0.6666666666666667,-0.12121212121212131,0.06451612903225812,0.03125000000000003,,,,,0,58
2026-09-04,HSIC,0001000228,2026-09-26,2026-06-27,2026-08-05,91.0,0.7502024011068201,1,0.17142857142857143,0.0454545454545455,0.07692307692307684,-0.1250000000000001,1.0,1.0,1.0,0.0,3,41
2026-09-04,HST,0001070750,2026-09-30,2026-06-30,2026-08-08,92.0,0.7075041250998432,1,0.0937499999999999,1.0571428571428572,0.9166666666666669,-0.058823529411764754,1.0,1.0,1.0,0.0,3,37
2026-09-04,HUBB,0000048898,2026-07-01,2026-03-31,2026-05-02,92.0,0.6740214684030552,1,0.08253968253968262,,0.17777777777777773,0.15736040609137047,1.0,,1.0,1.0,1,9
2026-09-04,HUM,0000049071,2026-07-01,2026-03-31,2026-04-30,92.0,0.36344939989007313,0,-0.04563106796116511,-0.592964824120603,-0.19750889679715308,0.6857610474631751,0.0,0.0,0.0,1.0,0,48
2026-09-04,HWM,0000004281,2026-09-30,2026-06-30,2026-08-07,92.0,0.7432202194499341,1,0.33000000000000007,0.7142857142857143,0.17283950617283939,0.5384615384615384,1.0,1.0,1.0,1.0,8,15
2026-09-04,IBM,0000051143,2026-09-30,2026-06-30,2026-07-24,92.0,0.42392305118168194,0,-0.01731601731601733,0.14285714285714277,6.111111111111112,0.17857142857142863,0.0,1.0,1.0,1.0,0,47
2026-09-04,ICE,0001571949,2026-09-30,2026-06-30,2026-07-31,92.0,0.7286683189399131,1,0.14189189189189186,0.7971014492753624,0.24561403508771934,0.34545454545454535,1.0,1.0,1.0,1.0,6,44
2026-09-04,IDXX,0000874716,2026-09-30,2026-06-30,2026-08-05,92.0,0.7032229134403919,1,0.1763085399449035,0.17229729729729737,0.21428571428571433,0.48770491803278687,1.0,1.0,1.0,1.0,6,33
2026-09-04,IEX,0000832101,2026-09-30,2026-06-30,2026-07-30,92.0,0.7419930854328972,1,0.10919540229885054,0.27777777777777785,0.08280254777070056,-0.06451612903225812,1.0,1.0,1.0,0.0,3,23
2026-09-04,IFF,0000051253,2026-09-30,2026-06-30,2026-08-05,92.0,0.3963925688261735,0,-0.9159663865546218,1.1658291457286432,-0.30434782608695654,2.6060606060606055,0.0,1.0,0.0,1.0,0,47
2026-09-04,INCY,0000879169,2026-07-01,2026-03-31,2026-04-29,92.0,0.7423272081771171,1,0.8374999999999999,2.907407407407407,2.0,0.06666666666666672,1.0,1.0,1.0,1.0,4,31
2026-09-04,INTC,0000050863,2026-09-26,2026-06-27,2026-07-25,91.0,0.40583914100822294,0,-2.2238805970149254,-2.8421052631578947,1.231958762886598,-0.7631578947368421,0.0,0.0,1.0,0.0,0,47
2026-09-04,INTU,0000896878,2026-07-31,2026-04-30,2026-05-21,92.0,0.700199448205362,1,0.10678642714570862,0.4850299401197605,1.2714285714285718,0.1900237529691211,1.0,1.0,1.0,1.0,5,57
2026-09-04,INVH,0001687229,2026-09-30,2026-06-30,2026-07-31,92.0,0.5283033838996014,1,0.608695652173913,-0.03703703703703707,0.46666666666666673,0.9166666666666669,1.0,0.0,1.0,1.0,1,12
2026-09-04,IP,0000051434,2026-09-30,2026-06-30,2026-08-06,92.0,0.7105579001625794,1,-1.1428571428571428,1.4583333333333333,,-5.976190476190476,0.0,1.0,,0.0,0,58
2026-09-04,IQV,0001478242,2026-07-01,2026-03-31,2026-05-06,92.0,0.7371370398181095,1,0.15000000000000013,0.24516129032258058,-0.21827411167512686,-0.10256410256410266,1.0,1.0,0.0,0.0,2,30
2026-09-04,IR,0001699150,2026-09-30,2026-06-30,2026-08-01,92.0,0.8475867131410103,1,3.2758620689655173,0.06521739130434775,0.12962962962962954,-1.6444444444444444,1.0,1.0,1.0,0.0,3,28
2026-09-04,IRM,0001020569,2026-09-30,2026-06-30,2026-08-06,92.0,0.8391572192416855,1,3.2666666666666666,8.6,3.5454545454545454,-2.2500000000000004,1.0,1.0,1.0,0.0,3,53
2026-09-04,ISRG,0001035267,2026-09-30,2026-06-30,2026-07-22,92.0,0.6716349745190916,1,0.26519337016574585,0.18749999999999994,0.24999999999999992,0.23972602739726034,,,,,0,58
2026-09-04,IT,0000749251,2026-09-30,2026-06-30,2026-08-05,92.0,0.7750166269585466,1,0.33118971061093244,0.17343173431734324,-0.9116541353383459,0.06143344709897601,1.0,1.0,0.0,1.0,2,29
2026-09-04,ITW,0000049826,2026-09-30,2026-06-30,2026-08-07,92.0,0.7483870154714766,1,0.10077519379844953,0.11764705882352952,-0.2813299232736573,0.015748031496063006,1.0,1.0,0.0,1.0,2,54
2026-09-04,IVZ,0000914208,2026-09-30,2026-06-30,2026-08-05,92.0,0.8149002669600742,1,26.333333333333336,0.34210526315789475,4.500000000000001,-1.103448275862069,1.0,1.0,1.0,0.0,3,47
2026-09-04,J,0000052988,2026-09-25,2026-06-26,2026-08-05,91.0,0.26173225960169383,0,-0.25806451612903236,-6.666666666666667,11.181818181818183,0.3247863247863249,0.0,0.0,1.0,1.0,0,58
2026-09-04,JBHT,0000728535,2026-09-30,2026-06-30,2026-07-25,92.0,0.7409501276543423,1,0.4580152671755724,0.2735042735042736,0.18120805369127518,-0.007575757575757582,1.0,1.0,1.0,0.0,3,40
2026-09-04,JBL,0000898293,2026-08-31,2026-05-31,2026-07-01,92.0,0.6520295036746674,1,0.2758620689655173,0.9622641509433962,0.5340909090909092,0.9150943396226412,1.0,1.0,1.0,1.0,4,20
2026-09-04,JCI,0000833444,2026-06-30,2026-03-31,2026-05-07,91.0,0.6252940010125062,1,0.38888888888888895,0.3492063492063492,-0.2620689655172413,2.7560975609756095,1.0,1.0,0.0,1.0,2,47
2026-09-04,JKHY,0000779152,2026-07-01,2026-03-31,2026-05-08,92.0,0.7467163583089567,1,0.12499999999999996,0.28358208955223874,0.2085889570552148,0.27731092436974797,1.0,1.0,1.0,1.0,8,25
2026-09-04,JNJ,0000200406,2026-09-27,2026-06-28,2026-07-24,91.0,0.37878807224440403,0,-0.00873362445414848,-0.5286343612334802,0.9099099099099098,0.18652849740932648,0.0,0.0,1.0,1.0,0,58
2026-09-04,JPM,0000019617,2026-09-30,2026-06-30,2026-08-07,92.0,0.763279081282255,1,0.4694656488549618,0.1715976331360947,0.1601830663615561,-0.1437908496732026,1.0,1.0,1.0,0.0,3,47
2026-09-04,KDP,0001418135,2026-09-30,2026-06-30,2026-08-11,92.0,0.42068541179065333,0,-0.9,-0.47368421052631576,0.08888888888888884,0.05263157894736847,0.0,0.0,1.0,1.0,0,13
2026-09-04,KEY,0000091576,2026-09-30,2026-06-30,2026-08-05,92.0,0.6641093144360477,1,0.25714285714285723,0.33333333333333326,1.8723404255319147,0.3999999999999999,1.0,1.0,1.0,1.0,5,47
2026-09-04,KEYS,0001601046,2026-10-31,2026-07-31,2026-09-03,92.0,0.7807070102433962,1,1.0909090909090906,0.3557046979865772,0.6804123711340205,-0.5045045045045045,1.0,1.0,1.0,0.0,3,24
2026-09-04,KHC,0001637459,2026-09-26,2026-06-27,2026-08-06,91.0,0.8500029297159366,1,0.30303030303030304,0.1355932203389832,3.166666666666667,-83.5,1.0,1.0,1.0,0.0,3,37
2026-09-04,KLAC,0000319201,2026-07-01,2026-03-31,2026-05-01,92.0,0.6944143474868092,1,0.1176470588235293,0.409090909090909,0.2082738944365194,0.8419864559819414,1.0,1.0,1.0,1.0,6,57
2026-09-04,KMB,0000055785,2026-09-30,2026-06-30,2026-08-05,92.0,0.6039542027977406,1,-0.3202614379084967,0.17647058823529416,,-0.5018587360594795,0.0,1.0,,0.0,0,49
2026-09-04,KMI,0001506307,2026-09-30,2026-06-30,2026-07-25,92.0,0.6871767599669182,1,0.21875000000000003,0.375,0.0,0.23076923076923075,1.0,1.0,0.0,1.0,2,26
2026-09-04,KMX,0001170010,2026-08-31,2026-05-31,2026-06-25,92.0,0.3928854367236009,0,-0.050724637681159306,-0.46913580246913583,-0.24705882352941172,0.42268041237113396,0.0,0.0,0.0,1.0,0,55
2026-09-04,KO,0000021344,2026-07-03,2026-04-03,2026-05-01,91.0,0.7390863627516313,1,0.18181818181818182,0.3030303030303029,0.5714285714285713,0.04054054054054058,1.0,1.0,1.0,1.0,4,46
2026-09-04,KORS,0001530721,2026-09-26,2026-06-27,2026-08-06,91.0,0.6687302341105673,1,0.3636363636363636,1.20824295010846,-2.1,5.0,1.0,1.0,0.0,1.0,2,38
2026-09-04,KVUE,0001944048,2026-09-27,2026-06-28,2026-08-07,91.0,0.6105149297724913,1,0.09090909090909087,0.47058823529411753,0.049999999999999906,6.333333333333334,1.0,1.0,1.0,1.0,5,10
2026-09-04,L,0000060086,2026-09-30,2026-06-30,2026-08-04,92.0,0.6134782128990777,1,0.15508021390374332,-0.06321839080459776,0.3351648351648352,0.11976047904191628,1.0,0.0,1.0,1.0,1,41
2026-09-04,LDOS,0001336920,2026-10-02,2026-07-03,2026-08-05,91.0,0.4243181274475582,0,-0.06644518272425241,-0.07581227436823103,0.052238805970149134,0.27004219409282687,0.0,0.0,1.0,1.0,0,21
2026-09-04,LEN,0000920760,2026-08-31,2026-05-31,2026-06-30,92.0,0.5206102326894684,1,-0.31491712707182323,-0.5255102040816325,-0.46244131455399057,-0.4753623188405797,0.0,0.0,0.0,0.0,0,57
2026-09-04,LH,0000920148,2026-09-30,2026-06-30,2026-08-06,92.0,0.7190242829842514,1,0.28169014084507055,0.3293650793650794,0.56,0.16872427983539082,1.0,1.0,1.0,1.0,4,56
2026-09-04,LHX,0000202058,2026-10-02,2026-07-03,2026-07-31,91.0,0.7572160017075439,1,0.2827868852459016,0.3333333333333334,0.17142857142857137,0.27083333333333337,1.0,1.0,1.0,1.0,7,45
2026-09-04,LII,0001069202,2026-06-30,2026-03-31,2026-04-30,91.0,0.5324788786630188,1,-0.005934718100890213,,0.044910179640718674,0.13828238719068417,0.0,,1.0,1.0,0,5
2026-09-04,LIN,0001707925,2026-09-30,2026-06-30,2026-08-01,92.0,0.7749163875227215,1,0.1126005361930296,0.13390313390313396,0.2701863354037266,0.08430232558139536,1.0,1.0,1.0,1.0,8,50
2026-09-04,LKQ,0001065696,2026-09-30,2026-06-30,2026-07-31,92.0,0.45208098920315587,0,-0.2933333333333333,-0.04109589041095894,0.0714285714285715,0.10169491525423738,0.0,0.0,1.0,1.0,0,29
2026-09-04,LLY,0000059478,2026-09-30,2026-06-30,2026-08-06,92.0,0.6654764852888188,1,0.2623211446740859,1.699346405228758,4.803738317757008,0.9176829268292684,1.0,1.0,1.0,1.0,8,47
2026-09-04,LMT,0000936468,2026-09-27,2026-06-28,2026-07-24,91.0,0.7804219034493347,1,4.438356164383562,-0.11538461538461536,0.022058823529411818,-0.7868613138686131,1.0,0.0,1.0,0.0,1,57
2026-09-04,LNT,0000352541,2026-07-01,2026-03-31,2026-05-02,92.0,0.5224712776320233,1,0.048192771084337394,-0.05217391304347812,1.0,0.33870967741935476,1.0,0.0,1.0,1.0,1,21
2026-09-04,LOW,0000060667,2026-10-30,2026-07-31,2026-08-28,91.0,0.4754960022082527,0,0.0,-0.006849315068493157,-0.036789297658862984,0.02398081534772174,0.0,0.0,0.0,1.0,0,47
2026-09-04,LRCX,0000707549,2026-06-28,2026-03-29,2026-04-24,91.0,0.7266242009487297,1,0.40776699029126207,0.3695652173913043,0.4418604651162791,0.40326975476839244,1.0,1.0,1.0,1.0,7,42
2026-09-04,LULU,0001397187,2026-11-01,2026-08-02,2026-09-04,91.0,0.4197995262228823,0,-0.05806451612903231,-0.35000000000000003,-0.09756097560975618,-0.015873015873015817,0.0,0.0,0.0,0.0,0,9
2026-09-04,LUV,0000092380,2026-09-30,2026-06-30,2026-07-24,92.0,0.783708380969334,1,0.205128205128205,2.7307692307692304,-0.09090909090909087,-0.32758620689655166,1.0,1.0,0.0,0.0,2,56
2026-09-04,LVS,0001300514,2026-09-29,2026-06-30,2026-07-25,91.0,0.4442703077845534,0,-0.19696969696969696,0.7346938775510204,0.28888888888888875,0.6052631578947368,0.0,1.0,1.0,1.0,0,27
2026-09-04,LW,0001679273,2026-05-24,2026-02-22,2026-04-02,91.0,0.5871429491150116,1,-0.6213592233009708,2.76,-0.47727272727272724,0.01980198019801982,0.0,1.0,0.0,1.0,0,25
2026-09-04,LYB,0001489393,2026-09-30,2026-06-30,2026-08-01,92.0,0.8124753541790806,1,4.029411764705881,-0.29629629629629634,-2.5828571428571427,-0.8794326241134752,1.0,0.0,0.0,0.0,1,50
2026-09-04,LYV,0001335258,2026-09-30,2026-06-30,2026-07-31,92.0,0.7246048830625046,1,1.560975609756098,-4.78125,-0.5602409638554217,-0.6019417475728156,1.0,0.0,0.0,0.0,1,18
2026-09-04,MA,0001141391,2026-09-30,2026-06-30,2026-07-31,92.0,0.774078033506747,1,0.221130221130221,0.21169916434540384,0.2294617563739377,0.16285714285714295,1.0,1.0,1.0,1.0,8,56
2026-09-04,MAA,0000912595,2026-07-01,2026-03-31,2026-05-01,92.0,0.40518357914062436,0,-0.3116883116883117,-0.14285714285714288,0.06976744186046518,0.2622950819672132,0.0,0.0,1.0,1.0,0,21
2026-09-04,MAR,0001048286,2026-09-30,2026-06-30,2026-08-04,92.0,0.7432955476359977,1,0.043165467625899324,0.01673640167364018,0.2898550724637682,0.03345724907063192,1.0,1.0,1.0,1.0,5,54
2026-09-04,MAS,0000062996,2026-07-01,2026-03-31,2026-04-23,92.0,0.7574414799832119,1,0.20689655172413798,0.16883116883116883,0.0940170940170941,-0.10309278350515462,1.0,1.0,1.0,0.0,3,56
2026-09-04,MCD,0000063908,2026-09-30,2026-06-30,2026-08-08,92.0,0.748317587343262,1,0.057324840764331114,0.06923076923076912,0.015974440894568776,0.12142857142857154,1.0,1.0,1.0,1.0,4,56
2026-09-04,MCHP,0000827054,2026-09-30,2026-06-30,2026-08-07,92.0,0.8795407378151349,1,5.111111111111111,1.5999999999999999,-0.7857142857142857,-1.3749999999999998,1.0,1.0,0.0,0.0,2,56
2026-09-04,MCO,0001059556,2026-09-30,2026-06-30,2026-07-24,92.0,0.798681876988835,1,0.5669781931464175,0.07803468208092486,0.22866894197952214,0.0629139072847682,1.0,1.0,1.0,1.0,8,56
2026-09-04,MDLZ,0001103982,2026-07-01,2026-03-31,2026-04-29,92.0,0.7379054575574759,1,0.41935483870967744,-0.09523809523809532,0.08888888888888884,-0.7019230769230769,1.0,0.0,1.0,0.0,1,49
2026-09-04,MDT,0001613103,2026-10-30,2026-07-31,2026-09-04,91.0,0.6880215210552051,1,0.4074074074074072,-0.1188118811881188,0.08080808080808088,0.012500000000000011,1.0,0.0,1.0,1.0,1,50
2026-09-04,MET,0001099219,2026-09-30,2026-06-30,2026-08-07,92.0,0.7599700743391872,1,0.05825242718446607,0.35937499999999994,-0.32596685082872934,-0.1953125,1.0,1.0,0.0,0.0,2,58
2026-09-04,META,0001326801,2026-09-30,2026-06-30,2026-07-31,92.0,0.5337534825823473,1,-0.13445378151260504,0.6236391912908242,-0.8258706467661692,0.38372093023255804,0.0,1.0,0.0,1.0,0,38
2026-09-04,MGM,0000789570,2026-09-30,2026-06-30,2026-07-30,92.0,0.8092062479303548,1,5.166666666666668,-0.058823529411764754,-2.7213114754098364,-0.7,1.0,0.0,0.0,0.0,1,31
2026-09-04,MHK,0000851968,2026-10-03,2026-07-04,2026-08-01,91.0,0.7593230743900625,1,0.37606837606837623,0.6521739130434783,-0.31372549019607837,-0.04878048780487809,1.0,1.0,0.0,0.0,2,46
2026-09-04,MKC,0000063754,2026-08-31,2026-05-31,2026-06-26,92.0,0.5982077634941415,1,-0.1384615384615384,5.283333333333333,0.012048192771084348,-0.04411764705882357,0.0,1.0,1.0,0.0,0,57
2026-09-04,MKTX,0001278021,2026-09-30,2026-06-30,2026-08-08,92.0,0.7210517752367319,1,0.010471204188481685,4.5,-0.03157894736842096,0.11046511627906974,1.0,1.0,0.0,1.0,2,22
2026-09-04,MLM,0000916076,2026-09-30,2026-06-30,2026-07-31,92.0,0.5597603641218628,1,-0.2320441988950276,12.189473684210528,0.15905245346869704,0.1407563025210084,0.0,1.0,1.0,1.0,0,37
2026-09-04,MMM,0000066740,2026-09-30,2026-06-30,2026-07-22,92.0,0.7053898730391055,1,0.32835820895522383,-0.3970588235294118,-0.375,-0.3526570048309178,1.0,0.0,0.0,0.0,1,58
2026-09-04,MO,0000764180,2026-09-30,2026-06-30,2026-07-31,92.0,0.6245101856134998,1,-0.028368794326241006,1.0634920634920635,0.052238805970149134,-0.3619909502262444,0.0,1.0,1.0,0.0,0,28
2026-09-04,MOH,0001179929,2026-09-30,2026-06-30,2026-07-24,92.0,0.4375119574579777,0,-0.7494736842105263,-0.9504587155963302,-0.7327433628318585,-0.08123791102514505,0.0,0.0,0.0,0.0,0,14
2026-09-04,MOS,0001285785,2026-09-30,2026-06-30,2026-08-06,92.0,0.19283773768246878,0,-1.6666666666666665,-2.08,2.3947368421052633,3.58,0.0,0.0,1.0,1.0,0,45
2026-09-04,MPC,0001510295,2026-09-30,2026-06-30,2026-08-05,92.0,0.7681989258902567,1,3.477272727272727,8.208333333333334,1.4117647058823526,-0.08545034642032334,1.0,1.0,1.0,0.0,3,55
2026-09-04,MPWR,0001280452,2026-09-30,2026-06-30,2026-08-06,92.0,0.7477393711473307,1,0.8776978417266188,0.40501792114695334,0.25762711864406773,0.3560975609756098,1.0,1.0,1.0,1.0,7,17
2026-09-04,MRK,0000310158,2026-09-30,2026-06-30,2026-08-08,92.0,0.3625599792617032,0,-1.3068181818181817,-1.8557213930348258,0.8709677419354838,-0.17757009345794397,0.0,0.0,1.0,0.0,0,47
2026-09-04,MRNA,0001682852,2026-09-30,2026-06-30,2026-08-01,92.0,0.6702272129523016,1,0.07511737089201874,-0.3492063492063492,-18.000000000000004,0.3603603603603604,1.0,0.0,0.0,1.0,1,16
2026-09-04,MS,0000895421,2026-09-30,2026-06-30,2026-08-05,92.0,0.773573737683071,1,0.6244131455399061,0.31923076923076926,0.48936170212765956,0.17032967032967022,1.0,1.0,1.0,1.0,8,57
2026-09-04,MSCI,0001408198,2026-09-30,2026-06-30,2026-07-22,92.0,0.777114783244673,1,0.19642857142857156,0.4905660377358491,0.19047619047619052,0.16320474777448066,1.0,1.0,1.0,1.0,8,30
2026-09-04,MSFT,0000789019,2026-07-01,2026-03-31,2026-04-30,92.0,0.790681850736923,1,0.23410404624277445,0.5975232198142415,0.1272727272727274,0.17687074829931973,1.0,1.0,1.0,1.0,8,56
2026-09-04,MSI,0000068505,2026-10-03,2026-07-04,2026-08-06,91.0,0.6393664823518621,1,0.09539473684210527,-0.13833992094861647,0.012158054711246211,0.1692307692307692,1.0,0.0,1.0,1.0,1,57
2026-09-04,MTB,0000036270,2026-09-30,2026-06-30,2026-08-05,92.0,0.762767286562572,1,0.25471698113207547,0.24397590361445787,0.1990049751243783,0.1367292225201073,1.0,1.0,1.0,1.0,6,47
2026-09-04,MTCH,0000891103,2026-09-30,2026-06-30,2026-08-06,92.0,0.7721525611006896,1,0.4285714285714285,0.5454545454545455,0.2156862745098039,0.020833333333333353,1.0,1.0,1.0,1.0,4,16
2026-09-04,MTD,0001037646,2026-09-30,2026-06-30,2026-08-01,92.0,0.742762986651036,1,0.1834016393442624,0.06658130601792579,0.06124497991967865,-0.058823529411764656,1.0,1.0,1.0,0.0,3,35
2026-09-04,MU,0000723125,2026-08-27,2026-05-28,2026-06-26,91.0,0.6957531832737466,1,13.684523809523812,7.560283687943263,1.7544910179640718,4.6,1.0,1.0,1.0,1.0,8,57
2026-09-04,NCLH,0001513761,2026-09-30,2026-06-30,2026-08-04,92.0,0.8422682911288079,1,5.857142857142856,3.555555555555556,-0.09473684210526313,-0.7999999999999999,1.0,1.0,0.0,0.0,2,32
2026-09-04,NDAQ,0001120193,2026-09-30,2026-06-30,2026-07-24,92.0,0.6554278191176112,1,0.141025641025641,0.338235294117647,0.37735849056603765,1.0526315789473684,1.0,1.0,1.0,1.0,5,47
2026-09-04,NDSN,0000072331,2026-10-31,2026-07-31,2026-08-21,92.0,0.7158401396192486,1,0.2297297297297296,0.060913705583756285,0.44242424242424244,0.08823529411764713,1.0,1.0,1.0,1.0,4,15
2026-09-04,NEE,0000753308,2026-07-01,2026-03-31,2026-04-24,92.0,0.817078359096632,1,1.5999999999999999,0.311111111111111,0.24050632911392397,-0.6363636363636364,1.0,1.0,1.0,0.0,3,56
2026-09-04,NEM,0001164727,2026-09-30,2026-06-30,2026-07-24,92.0,0.6489988297255669,1,0.11351351351351349,0.7857142857142858,1.0874999999999997,1.5000000000000002,1.0,1.0,1.0,1.0,7,55
2026-09-04,NFLX,0001065280,2026-09-30,2026-06-30,2026-07-18,92.0,0.6912558695397196,1,0.1126564673157162,0.8608169440242056,0.08703703703703698,0.473360655737705,1.0,1.0,,1.0,2,57
2026-09-04,NI,0001111711,2026-09-30,2026-06-30,2026-08-06,92.0,0.5099525242116513,1,-0.5909090909090909,0.06000000000000005,0.05263157894736847,0.15789473684210525,0.0,1.0,1.0,1.0,0,57
2026-09-04,NKE,0000320187,2026-05-30,2026-02-28,2026-04-02,91.0,0.7633426715684309,1,-0.3518518518518519,-0.3205128205128205,-0.3,-0.2987012987012987,,,,,0,46
2026-09-04,NOC,0001133421,2026-09-30,2026-06-30,2026-07-22,92.0,0.5284872794194142,1,-0.057668711656441794,0.8493975903614458,0.09571428571428571,0.28144654088050314,0.0,1.0,1.0,1.0,0,57
2026-09-04,NOW,0001373715,2026-09-30,2026-06-30,2026-07-24,92.0,0.4420315753969338,0,-0.2119565217391305,0.022727272727272617,0.1594202898550725,0.46031746031746035,0.0,1.0,,1.0,0,20
2026-09-04,NRG,0001013871,2026-09-30,2026-06-30,2026-08-05,92.0,0.7237596905665986,1,4.725806451612904,-0.8559556786703602,1.1820580474934037,-1.1839762611275966,1.0,0.0,1.0,0.0,1,50
2026-09-04,NSC,0000702165,2026-09-30,2026-06-30,2026-07-24,92.0,0.4865433353974108,0,-0.04398826979472151,-0.2658610271903323,-0.3484536082474226,0.04923076923076927,0.0,0.0,0.0,1.0,0,57
2026-09-04,NTAP,0001002047,2026-10-30,2026-07-31,2026-09-03,91.0,0.7595969255958485,1,0.6347826086956522,0.1597222222222222,0.0633802816901409,-0.01709401709401711,1.0,1.0,1.0,0.0,3,51
2026-09-04,NTRS,0000073124,2026-07-01,2026-03-31,2026-05-01,92.0,0.6701626383310096,1,0.42631578947368426,0.03153153153153146,-0.5092165898617511,0.9791666666666666,1.0,1.0,0.0,1.0,2,46
2026-09-04,NUE,0000073309,2026-10-03,2026-07-04,2026-08-13,91.0,0.7373589630775046,1,0.9384615384615385,3.8208955223880596,1.5047619047619045,-0.02985074626865674,1.0,1.0,1.0,0.0,3,61
2026-09-04,NVDA,0001045810,2026-10-25,2026-07-26,2026-08-27,91.0,0.7481096192236727,1,1.2777777777777777,2.1447368421052633,0.6666666666666666,0.6119402985074627,1.0,1.0,1.0,1.0,8,57
2026-09-04,NVR,0000906163,2026-09-30,2026-06-30,2026-08-06,92.0,0.4394475961259113,0,-0.22646029113690816,-0.2854581883370241,-0.1392337164750958,-0.10067114093959725,0.0,0.0,0.0,0.0,0,23
2026-09-04,NWS,0001564708,2026-07-01,2026-03-31,2026-05-09,92.0,0.43453079927297095,0,-0.11111111111111106,-0.1052631578947368,-0.04761904761904753,,0.0,0.0,0.0,,0,25
2026-09-04,NWSA,0001564708,2026-07-01,2026-03-31,2026-05-09,92.0,0.4368704451422504,0,-0.11111111111111106,-0.1052631578947368,-0.04761904761904753,,0.0,0.0,0.0,,0,32
2026-09-04,NXPI,0001413447,2026-06-28,2026-03-29,2026-04-29,91.0,0.7020443957882387,1,1.3072916666666665,-0.11111111111111113,-0.3110236220472441,-0.22267206477732804,1.0,0.0,0.0,0.0,1,16
2026-09-04,O,0000726728,2026-09-30,2026-06-30,2026-08-07,92.0,0.772319882685908,1,0.6818181818181818,0.17857142857142852,0.16666666666666663,-0.24137931034482754,1.0,1.0,1.0,0.0,3,22
2026-09-04,ODFL,0000878927,2026-09-30,2026-06-30,2026-08-06,92.0,0.6579253075094527,1,0.32283464566929126,-0.042016806722689114,-0.10489510489510484,-0.14189189189189186,1.0,0.0,0.0,0.0,1,21
2026-09-04,OKE,0001039684,2026-09-30,2026-06-30,2026-08-05,92.0,0.7560966369236293,1,0.14179104477611937,0.18269230769230763,0.26271186440677974,0.0075187969924812095,1.0,1.0,1.0,1.0,4,50
2026-09-04,OMC,0000029989,2026-07-01,2026-03-31,2026-04-30,92.0,0.47146041290170865,0,-0.06896551724137923,-0.10256410256410255,-0.20606060606060597,-0.08805031446540888,0.0,0.0,0.0,0.0,0,55
2026-09-04,ON,0001097864,2026-10-02,2026-07-03,2026-08-04,91.0,0.799504908156909,1,0.3658536585365856,0.9304347826086956,-0.32258064516129037,-0.4743589743589744,1.0,1.0,0.0,0.0,2,13
2026-09-04,ORCL,0001341439,2026-05-30,2026-02-28,2026-03-12,91.0,0.7107016215107568,1,0.24509803921568626,0.9090909090909091,-0.019417475728155355,0.20000000000000004,1.0,1.0,0.0,1.0,2,46
2026-09-04,ORLY,0000898173,2026-09-30,2026-06-30,2026-08-08,92.0,0.7870369299693921,1,0.1025641025641025,0.15508021390374335,0.11744084136722163,0.10900473933649288,1.0,1.0,1.0,1.0,8,60
2026-09-04,OTIS,0001781335,2026-09-30,2026-06-30,2026-07-24,92.0,0.7305277788525898,1,0.13131313131313144,0.42622950819672134,-0.29104477611940305,-0.029411764705882377,1.0,1.0,0.0,0.0,2,20
2026-09-04,OXY,0000797468,2026-09-30,2026-06-30,2026-08-06,92.0,0.8575266253095156,1,9.576923076923077,3.0649350649350646,-0.336734693877551,-0.7475728155339806,1.0,1.0,0.0,0.0,2,47
2026-09-04,PANW,0001327567,2026-07-31,2026-04-30,2026-06-04,92.0,0.48817687909842433,0,-1.5945945945945945,0.6052631578947368,-0.05050505050505055,-0.06329113924050639,0.0,1.0,0.0,0.0,0,9
2026-09-04,PARA,0001826011,2026-09-30,2026-06-30,2026-08-15,92.0,0.747140883137108,1,0.2524509803921569,-76.93333333333334,0.6632443531827517,-26.200000000000003,1.0,0.0,1.0,0.0,1,8
2026-09-04,PAYC,0001590955,2026-09-30,2026-06-30,2026-08-07,92.0,0.6912138180488554,1,0.48101265822784794,0.22580645161290325,0.49618320610687017,0.31666666666666676,1.0,1.0,1.0,1.0,4,22
2026-09-04,PAYX,0000723531,2026-05-30,2026-02-28,2026-03-27,91.0,0.6524055741841781,1,0.090909090909091,-0.03508771929824545,-0.1016949152542372,0.03623188405797105,1.0,0.0,0.0,1.0,1,56
2026-09-04,PCAR,0000075362,2026-09-30,2026-06-30,2026-07-30,92.0,0.772434277395356,1,0.043795620437956075,0.19791666666666663,-0.39459459459459456,-0.35680751173708913,1.0,1.0,0.0,0.0,2,52
2026-09-04,PCG,0001004980,2026-09-30,2026-06-30,2026-07-24,92.0,0.7231435854501493,1,0.3750000000000001,0.3928571428571428,0.37037037037037024,0.0,1.0,1.0,1.0,0.0,3,36
2026-09-04,PEG,0000788784,2026-09-30,2026-06-30,2026-08-05,92.0,0.4684383325135077,0,-0.4273504273504273,0.25423728813559326,0.19230769230769226,0.34482758620689646,0.0,1.0,1.0,1.0,0,56
2026-09-04,PEP,0000077476,2026-09-05,2026-06-13,2026-07-10,84.0,0.8062405283156372,1,1.3695652173913044,0.2781954887218044,-0.10798122065727699,-0.5874439461883408,1.0,1.0,0.0,0.0,2,47
2026-09-04,PFE,0000078003,2026-09-27,2026-06-28,2026-08-05,91.0,0.19625988436675226,0,-1.0784313725490198,-0.09615384615384624,-0.20512820512820515,50.0,0.0,0.0,0.0,1.0,0,47
2026-09-04,PFG,0001126328,2026-07-01,2026-03-31,2026-04-30,92.0,0.8564055286246517,1,8.19047619047619,2.0,0.20134228187919467,-0.9054054054054055,1.0,1.0,1.0,0.0,3,56
2026-09-04,PG,0000080424,2026-07-01,2026-03-31,2026-04-25,92.0,0.6498983887951587,1,0.05844155844155835,-0.05319148936170206,0.21118012422360238,0.013157894736842117,1.0,0.0,1.0,1.0,1,53
2026-09-04,PGR,0000080661,2026-09-30,2026-06-30,2026-08-04,92.0,0.694209446042857,1,0.04999999999999992,0.09839816933638437,0.12090680100755666,1.1774193548387097,1.0,1.0,1.0,1.0,8,47
2026-09-04,PH,0000076334,2026-07-01,2026-03-31,2026-05-02,92.0,0.40747230790661854,0,-0.04206241519674362,-0.08965517241379316,0.1779026217228465,0.3255395683453238,0.0,0.0,1.0,1.0,0,56
2026-09-04,PHM,0000822416,2026-09-30,2026-06-30,2026-07-23,92.0,0.46905003567444364,0,-0.18151815181518147,-0.30350194552529175,-0.11641791044776123,-0.20887728459530033,0.0,0.0,0.0,0.0,0,57
2026-09-04,PKG,0000075677,2026-09-30,2026-06-30,2026-08-08,92.0,0.39979726605371385,0,-0.1947565543071161,-0.1548672566371681,-0.049242424242424365,0.20814479638009048,0.0,0.0,0.0,1.0,0,32
2026-09-04,PLD,0001045609,2026-07-01,2026-03-31,2026-05-01,92.0,0.7840793266953578,1,0.6666666666666667,0.08759124087591232,-0.24074074074074084,-0.3369565217391305,1.0,1.0,0.0,0.0,2,60
2026-09-04,PLTR,0001321655,2026-09-30,2026-06-30,2026-08-05,92.0,0.6740121925359632,1,2.1538461538461537,3.25,2.0,1.1666666666666667,1.0,1.0,1.0,1.0,6,6
2026-09-04,PM,0001413329,2026-09-30,2026-06-30,2026-07-25,92.0,0.4216329470833676,0,-0.07692307692307689,-0.09302325581395345,0.1319796954314721,0.26623376623376616,0.0,0.0,1.0,1.0,0,57
2026-09-04,PNC,0000713676,2026-09-30,2026-06-30,2026-08-06,92.0,0.7451533694902701,1,0.2493506493506492,0.17663817663817669,0.24641833810888233,0.13569321533923304,1.0,1.0,1.0,1.0,5,47
2026-09-04,PNR,0000077360,2026-07-01,2026-03-31,2026-04-29,92.0,0.7185674248043447,1,0.12903225806451613,0.33333333333333354,-0.18918918918918923,0.1625,1.0,1.0,0.0,1.0,2,50
2026-09-04,PNW,0000764622,2026-09-30,2026-06-30,2026-08-05,92.0,0.6172694646943011,1,-0.09493670886075957,7.75,0.005934718100890213,-0.10227272727272724,0.0,1.0,1.0,0.0,0,56
2026-09-04,PODD,0001145197,2026-09-30,2026-06-30,2026-08-06,92.0,0.8433030083939684,1,3.28125,1.6,0.14814814814814806,-0.8764478764478765,1.0,1.0,1.0,0.0,3,11
2026-09-04,POOL,0000945841,2026-07-01,2026-03-31,2026-04-29,92.0,0.7598040583179637,1,0.021126760563380302,0.03975535168195715,0.03607214428857709,-0.303921568627451,1.0,1.0,1.0,0.0,3,21
2026-09-04,PPG,0000079879,2026-07-01,2026-03-31,2026-04-30,92.0,0.6297178442832694,1,0.04294478527607366,0.0,-0.11607142857142866,-0.03550295857988169,1.0,0.0,0.0,0.0,1,56
2026-09-04,PRU,0001137774,2026-09-30,2026-06-30,2026-08-06,92.0,0.6652259690209847,1,0.8918918918918918,-0.14285714285714288,2.233870967741935,-0.548780487804878,1.0,0.0,1.0,0.0,1,49
2026-09-04,PSA,0001393311,2026-09-30,2026-06-30,2026-07-30,92.0,0.785875908752377,1,0.44886363636363624,0.32843137254901955,0.21296296296296294,-0.33834586466165417,1.0,1.0,1.0,0.0,3,56
2026-09-04,PSX,0001534701,2026-09-30,2026-06-30,2026-08-06,92.0,0.7093638153998268,1,3.4418604651162794,-0.5677966101694915,-0.6097560975609756,-0.09663865546218488,1.0,0.0,0.0,0.0,1,48
2026-09-04,PTC,0000857005,2026-09-29,2026-06-30,2026-08-01,91.0,0.4022702698493541,0,-0.11965811965811958,2.688888888888889,1.0441176470588232,1.0526315789473684,0.0,1.0,1.0,1.0,0,17
2026-09-04,PWR,0001050915,2026-09-30,2026-06-30,2026-07-31,92.0,0.7928600033807677,1,0.9473684210526315,0.5104166666666666,0.14871794871794886,0.20634920634920637,1.0,1.0,1.0,1.0,8,33
2026-09-04,PYPL,0001633917,2026-07-01,2026-03-31,2026-05-06,92.0,0.4623722224455043,0,-0.06201550387596905,0.3131313131313132,0.1944444444444444,0.5542168674698796,0.0,1.0,1.0,1.0,0,39
2026-09-04,QCOM,0000804328,2026-09-27,2026-06-28,2026-07-30,91.0,0.4974587963081596,0,-0.23045267489711935,1.73015873015873,-0.017667844522968292,0.2925531914893619,0.0,1.0,0.0,1.0,0,56
2026-09-04,RCL,0000884887,2026-09-30,2026-06-30,2026-07-29,92.0,0.4588975651919691,0,-0.04761904761904761,0.2888888888888888,0.3634204275534442,0.4180064308681673,0.0,1.0,1.0,1.0,0,42
2026-09-04,RE,0001095073,2026-09-30,2026-06-30,2026-08-04,92.0,0.5843226329927135,1,-0.11677018633540376,2.3081632653061224,-0.4838983050847458,-0.035928143712574724,0.0,1.0,0.0,0.0,0,32
2026-09-04,REGN,0000872589,2026-09-30,2026-06-30,2026-07-31,92.0,0.4752595916646479,0,-0.04527712724434036,-0.07152682255845937,0.18024263431542462,0.032232070910556035,0.0,0.0,1.0,1.0,0,49
2026-09-04,RF,0001281761,2026-09-30,2026-06-30,2026-08-07,92.0,0.7357577681529407,1,0.08474576271186449,0.2156862745098039,0.24489795918367346,0.13461538461538453,1.0,1.0,1.0,1.0,5,47
2026-09-04,RJF,0000720005,2026-09-29,2026-06-30,2026-08-06,91.0,0.7257303007855679,1,0.41981132075471683,0.15254237288135608,-0.02447552447552442,-0.08225108225108223,1.0,1.0,0.0,0.0,2,29
2026-09-04,RL,0001037038,2026-09-26,2026-06-27,2026-08-07,91.0,0.7324485568948536,1,0.21590909090909097,0.24892703862660948,0.43722943722943713,0.3486590038314177,1.0,1.0,1.0,1.0,8,47
2026-09-04,RMD,0000943819,2026-07-01,2026-03-31,2026-05-02,92.0,0.7482420458702953,1,0.10483870967741944,0.14529914529914545,0.123222748815166,0.2156862745098039,1.0,1.0,1.0,1.0,7,27
2026-09-04,ROK,0001024478,2026-09-29,2026-06-30,2026-08-05,91.0,0.7015033813565061,1,0.40384615384615374,0.3963963963963963,0.6708074534161489,0.28712871287128716,1.0,1.0,1.0,1.0,4,55
2026-09-04,ROL,0000084839,2026-09-30,2026-06-30,2026-07-24,92.0,0.6222230687830652,1,0.03448275862068969,0.0,0.21428571428571425,0.07407407407407393,1.0,0.0,1.0,1.0,1,16
2026-09-04,ROP,0000882835,2026-09-30,2026-06-30,2026-08-01,92.0,0.7960286941534921,1,2.3295128939828076,0.5915032679738562,0.08235294117647067,0.11858974358974363,1.0,1.0,1.0,1.0,4,61
2026-09-04,ROST,0000745732,2026-10-31,2026-08-01,2026-09-02,91.0,0.7694538552768787,1,0.7051282051282052,0.3741496598639456,0.06756756756756763,-0.018867924528301903,,,,,0,58
2026-09-04,RSG,0001060391,2026-09-30,2026-06-30,2026-08-08,92.0,0.704763896016148,1,0.051428571428571476,0.07594936708860751,-0.02222222222222224,0.08024691358024684,1.0,1.0,0.0,1.0,2,57
2026-09-04,RTX,0000101829,2026-09-30,2026-06-30,2026-07-24,92.0,0.5566380519419656,1,0.28688524590163944,0.32456140350877205,0.293577981651376,14.249999999999998,1.0,1.0,1.0,1.0,4,57
2026-09-04,RVTY,0000031791,2026-10-04,2026-07-05,2026-08-12,91.0,0.747894489286998,1,0.021739130434782507,0.0285714285714286,-0.4805194805194805,0.02222222222222224,1.0,1.0,0.0,1.0,2,58
2026-09-04,SBAC,0001034054,2026-09-29,2026-06-30,2026-08-07,91.0,0.40032452004966895,0,-0.10526315789473673,-0.1470588235294118,1.15527950310559,-0.08333333333333323,0.0,0.0,1.0,0.0,0,36
2026-09-04,SBUX,0000829224,2026-09-27,2026-06-28,2026-07-30,91.0,0.8213908195960933,1,0.8571428571428572,0.32352941176470584,-0.6231884057971014,-0.4731182795698925,1.0,1.0,0.0,0.0,2,55
2026-09-04,SCHW,0000316709,2026-09-30,2026-06-30,2026-08-08,92.0,0.7028855641760904,1,0.4259259259259259,0.383838383838384,0.7746478873239437,0.6363636363636364,1.0,1.0,1.0,1.0,7,57
2026-09-04,SHW,0000089800,2026-09-30,2026-06-30,2026-07-29,92.0,0.7593083413089308,1,0.1433333333333334,0.07499999999999996,0.05345911949685532,-0.14285714285714285,1.0,1.0,1.0,0.0,3,57
2026-09-04,SJM,0000091419,2026-10-31,2026-07-31,2026-08-27,92.0,0.7047514770796747,1,8.390243902439025,-0.09163987138263671,10.826086956521738,-1.235632183908046,1.0,0.0,1.0,0.0,1,49
2026-09-04,SLB,0000087347,2026-09-30,2026-06-30,2026-07-30,92.0,0.4577904251474785,0,-0.29729729729729726,-0.13793103448275856,-0.3975903614457831,-0.038961038961038995,0.0,0.0,0.0,0.0,0,47
2026-09-04,SMCI,0001375365,2026-07-01,2026-03-31,2026-05-12,92.0,0.8199145835284813,1,3.235294117647058,0.17647058823529405,,-0.7408536585365852,1.0,1.0,,0.0,2,6
2026-09-04,SNA,0000091440,2026-10-03,2026-07-04,2026-07-24,91.0,0.7373606615170681,1,0.05084745762711869,0.03991130820399127,0.06808510638297859,-0.06903353057199221,1.0,1.0,1.0,0.0,3,57
2026-09-04,SNPS,0000883241,2026-10-31,2026-07-31,2026-08-27,92.0,0.7286297936617508,1,0.8933333333333332,-0.9592760180995475,-0.82010582010582,-0.42528735632183906,1.0,0.0,0.0,0.0,1,29
2026-09-04,SO,0000092122,2026-07-01,2026-03-31,2026-05-01,92.0,0.531530751603922,1,-0.008264462809917363,0.10791366906474831,-0.27522935779816515,0.17475728155339798,0.0,1.0,0.0,1.0,0,48
2026-09-04,SOLV,0001964738,2026-09-30,2026-06-30,2026-08-06,92.0,0.47446725761808684,0,0.03921568627450984,-0.9102564102564101,9.314285714285715,0.0,1.0,0.0,1.0,0.0,1,8
2026-09-04,SPG,0001063761,2026-09-29,2026-06-30,2026-08-11,91.0,0.4065179070924314,0,-0.12352941176470586,0.16535433070866137,3.583333333333333,0.2739726027397261,0.0,1.0,1.0,1.0,0,35
2026-09-04,SPGI,0000064040,2026-07-01,2026-03-31,2026-04-29,92.0,0.8025003906647061,1,0.324858757062147,0.24115755627009647,0.08359133126934985,0.12025316455696199,1.0,1.0,1.0,1.0,8,56
2026-09-04,SRE,0001032208,2026-07-01,2026-03-31,2026-05-08,92.0,0.6286520709293982,1,0.1366906474820145,-0.88,-0.36607142857142866,0.10317460317460309,1.0,0.0,0.0,1.0,1,31
2026-09-04,STE,0001757898,2026-04-02,2025-12-31,2026-02-07,92.0,0.72897846806817,1,0.11999999999999998,0.28476821192052976,0.22602739726027402,0.23239436619718315,1.0,1.0,1.0,1.0,6,23
2026-09-04,STLD,0001022671,2026-09-30,2026-06-30,2026-07-29,92.0,0.7734310991719915,1,0.8358208955223883,0.9305555555555555,0.3365853658536588,-0.261029411764706,1.0,1.0,1.0,0.0,3,11
2026-09-04,STT,0000093751,2026-09-30,2026-06-30,2026-07-31,92.0,0.7964338788098203,1,0.6820276497695853,0.22058823529411772,0.23008849557522126,0.009302325581395357,1.0,1.0,1.0,1.0,6,47
2026-09-04,STX,0001137789,2026-07-03,2026-04-03,2026-04-30,91.0,0.6168444208882183,1,1.0828025477707006,0.6774193548387097,0.7234042553191491,12.083333333333336,1.0,1.0,1.0,1.0,8,42
2026-09-04,SW,0002005951,2026-09-30,2026-06-30,2026-08-01,92.0,0.48535173800371567,0,4.4,-0.8356164383561644,2.566666666666667,0.9804687500000001,1.0,0.0,1.0,1.0,1,7
2026-09-04,SWK,0000093556,2026-10-03,2026-07-04,2026-07-30,91.0,0.5012126755026913,1,2.4776119402985075,-0.35,-0.4333333333333333,10.571428571428571,1.0,0.0,0.0,1.0,1,56
2026-09-04,SWKS,0000004127,2026-10-02,2026-07-03,2026-07-29,91.0,0.44218278924887816,0,-0.6857142857142857,-0.4418604651162791,-0.47,-0.06666666666666672,0.0,0.0,0.0,0.0,0,41
2026-09-04,SYF,0001601712,2026-09-30,2026-06-30,2026-07-24,92.0,0.6396112812490826,1,0.03599999999999994,0.20105820105820113,0.4742268041237113,0.6129032258064515,1.0,1.0,1.0,1.0,4,37
2026-09-04,SYK,0000310764,2026-09-29,2026-06-30,2026-08-01,91.0,0.7618932878947486,1,0.44104803493449773,0.14201183431952663,0.5602836879432627,0.0277777777777778,1.0,1.0,1.0,1.0,5,62
2026-09-04,SYY,0000096021,2026-06-27,2026-03-28,2026-04-30,91.0,0.43740135254007884,0,-0.13414634146341461,-0.012195121951219388,0.0,-0.03529411764705886,0.0,0.0,0.0,0.0,0,60
2026-09-04,TAP,0000024545,2026-09-30,2026-06-30,2026-08-07,92.0,0.5218230418802813,1,-0.4225352112676056,,,,0.0,,,,0,32
2026-09-04,TDG,0001260221,2026-09-26,2026-06-27,2026-08-05,91.0,0.7154957671085916,1,0.10861865407319951,0.11650485436893192,-0.13123359580052493,0.06407035175879405,1.0,1.0,0.0,1.0,2,12
2026-09-04,TDY,0001094285,2026-09-27,2026-06-28,2026-07-25,91.0,0.7069568848244601,1,0.21218961625282176,0.21553884711779434,-0.1606498194945848,0.1750663129973474,1.0,1.0,0.0,1.0,2,20
2026-09-04,TECH,0000842023,2026-07-01,2026-03-31,2026-05-07,92.0,0.8021081169544397,1,1.2857142857142856,0.09090909090909087,0.14285714285714285,-0.5483870967741935,1.0,1.0,1.0,0.0,3,15
2026-09-04,TEL,0001385157,2026-09-25,2026-06-26,2026-07-25,91.0,0.7670754105911216,1,0.19158878504672883,71.5,0.4457142857142856,0.15053763440860216,1.0,1.0,1.0,1.0,4,55
2026-09-04,TER,0000097210,2026-09-27,2026-06-28,2026-08-01,91.0,0.8307572644627096,1,3.857142857142857,3.1475409836065573,-0.15730337078651688,-0.5701754385964912,1.0,1.0,0.0,0.0,2,29
2026-09-04,TFC,0000092230,2026-09-30,2026-06-30,2026-08-01,92.0,0.7445658281014845,1,0.36666666666666664,0.2528735632183909,0.05050505050505055,0.4516129032258065,1.0,1.0,1.0,1.0,6,47
2026-09-04,TGT,0000027419,2026-10-31,2026-08-01,2026-08-29,91.0,0.6932379325709515,1,1.004878048780488,-0.24669603524229078,-0.18378378378378382,-0.20233463035019458,1.0,0.0,0.0,0.0,1,57
2026-09-04,TJX,0000109198,2026-10-31,2026-08-01,2026-08-29,91.0,0.7087946449963584,1,0.23636363636363636,0.2934782608695651,0.12280701754385977,0.14583333333333348,,,,,0,58
2026-09-04,TKO,0001973266,2026-09-29,2026-06-30,2026-08-04,91.0,0.6613393647106914,1,0.14529914529914545,0.6231884057971018,,0.6785714285714283,1.0,1.0,,1.0,2,6
2026-09-04,TMO,0000097745,2026-09-26,2026-06-27,2026-08-01,91.0,0.7782441313104316,1,0.09345794392523352,0.11306532663316576,0.004705882352941076,0.05940594059405946,1.0,1.0,1.0,1.0,5,56
2026-09-04,TMUS,0001283699,2026-09-30,2026-06-30,2026-07-24,92.0,0.6018547813338998,1,0.052816901408450835,-0.12015503875968994,-0.07662835249042135,0.14056224899598377,1.0,0.0,0.0,1.0,1,24
2026-09-04,TPL,0001811074,2026-09-29,2026-06-30,2026-08-06,91.0,0.6412955742898672,1,-0.5584158415841584,-0.6049618320610688,0.13822894168466515,0.014056224899598272,,,,,0,5
2026-09-04,TPR,0001116132,2026-06-27,2026-03-28,2026-05-08,91.0,0.6912176734868852,1,0.7368421052631579,0.9420289855072467,0.620253164556962,0.5833333333333334,1.0,1.0,1.0,1.0,4,56
2026-09-04,TRGP,0001389170,2026-09-30,2026-06-30,2026-08-07,92.0,0.6603155828484583,1,0.23344947735191635,1.4285714285714284,0.25714285714285723,1.1578947368421053,1.0,1.0,1.0,1.0,4,12
2026-09-04,TRMB,0000864749,2026-10-02,2026-07-03,2026-08-13,91.0,0.41183671607083255,0,-6.45945945945946,0.5555555555555554,1.8750000000000002,,0.0,1.0,1.0,,0,15
2026-09-04,TROW,0001113169,2026-09-30,2026-06-30,2026-08-01,92.0,0.7575112346620535,1,0.28571428571428553,0.03720930232558143,0.08712121212121211,0.0616113744075831,1.0,1.0,1.0,1.0,4,23
2026-09-04,TRV,0000086312,2026-09-30,2026-06-30,2026-07-18,92.0,0.6582122009266553,1,0.571209800918836,3.5764705882352943,0.5202952029520296,1.851528384279476,1.0,1.0,1.0,1.0,4,57
2026-09-04,TSCO,0000916365,2026-09-26,2026-06-27,2026-08-07,91.0,0.6872520137924784,1,-0.14814814814814828,-0.08823529411764713,0.09374999999999982,0.030534351145038195,,,,,0,38
2026-09-04,TSLA,0001318605,2026-09-30,2026-06-30,2026-07-24,92.0,0.576349408961045,1,-0.030303030303030328,0.08333333333333341,-0.3709677419354838,-0.21428571428571422,0.0,1.0,0.0,0.0,0,17
2026-09-04,TSN,0000100493,2026-09-26,2026-06-27,2026-08-04,91.0,0.8696043943238564,1,2.0588235294117645,35.5,-0.7623762376237624,-0.6851851851851851,1.0,1.0,0.0,0.0,2,58
2026-09-04,TT,0001466258,2026-09-30,2026-06-30,2026-07-31,92.0,0.6202593738757565,1,0.06940874035989718,-0.01872659176029956,0.11504424778761052,0.17878787878787888,1.0,0.0,1.0,1.0,1,47
2026-09-04,TTWO,0000946581,2026-09-30,2026-06-30,2026-08-08,92.0,0.3592234870029285,0,-1.5714285714285712,0.2957746478873239,0.6490384615384616,0.9539473684210525,0.0,1.0,1.0,1.0,0,28
2026-09-04,TXN,0000097476,2026-09-30,2026-06-30,2026-07-25,92.0,0.7841769439872286,1,0.5177304964539009,0.31249999999999994,0.00680272108843538,0.15573770491803274,1.0,1.0,1.0,1.0,5,54
2026-09-04,TXT,0000217346,2027-07-03,2026-07-04,2026-07-29,364.0,0.6954561373437665,1,,0.10619469026548684,0.09708737864077657,0.11956521739130432,,1.0,1.0,1.0,0,46
2026-09-04,TYL,0000860731,2026-09-30,2026-06-30,2026-07-30,92.0,0.7534311743912677,1,0.15544041450777205,0.021739130434782507,0.10919540229885054,0.22929936305732476,1.0,1.0,1.0,1.0,8,20
2026-09-04,UAL,0000100517,2026-09-30,2026-06-30,2026-07-17,92.0,0.5637857654373765,1,-0.1717171717171718,0.8448275862068968,0.0,-0.24999999999999994,0.0,1.0,0.0,0.0,0,34
2026-09-04,UBER,0001543151,2026-09-30,2026-06-30,2026-08-06,92.0,0.5201742720480633,1,0.857142857142857,-0.8433734939759036,1.5916666666666666,0.3404255319148937,1.0,0.0,1.0,1.0,1,8
2026-09-04,UDR,0000074208,2026-07-01,2026-03-31,2026-05-01,92.0,0.6967856504110328,1,1.4782608695652173,1.0,0.375,0.7692307692307693,1.0,1.0,1.0,1.0,4,35
2026-09-04,UHS,0000352915,2026-09-30,2026-06-30,2026-08-08,92.0,0.7247307056346689,1,0.10128913443830584,0.17708333333333345,0.5421052631578949,0.2746478873239437,1.0,1.0,1.0,1.0,8,43
2026-09-04,ULTA,0001403568,2026-10-31,2026-08-01,2026-08-28,91.0,0.7060940000767647,1,0.1332179930795847,0.15522388059701492,0.0,0.09056603773584913,1.0,1.0,0.0,1.0,2,37
2026-09-04,UNH,0000731766,2026-09-30,2026-06-30,2026-08-11,92.0,0.7780134659745568,1,0.6149732620320855,0.007299270072992805,-0.6021505376344086,-0.17621145374449335,1.0,1.0,0.0,0.0,2,50
2026-09-04,UNP,0000100885,2026-09-30,2026-06-30,2026-07-24,92.0,0.7736755322939776,1,0.06666666666666665,0.06296296296296293,0.09454545454545447,0.14963503649635024,1.0,1.0,1.0,1.0,8,57
2026-09-04,UPS,0001090727,2026-09-30,2026-06-30,2026-08-06,92.0,0.43420647706976684,0,-0.5298013245033113,-0.27142857142857135,-0.1388888888888889,-0.0848484848484848,0.0,0.0,0.0,0.0,0,57
2026-09-04,URI,0001067701,2026-07-01,2026-03-31,2026-04-23,92.0,0.6803178915588275,1,0.06573957016434887,-0.019102196752626654,0.019626168224299148,0.005241090146750599,1.0,0.0,1.0,1.0,1,47
2026-09-04,USB,0000036104,2026-09-30,2026-06-30,2026-08-07,92.0,0.7664161904817628,1,0.2162162162162162,0.14563106796116496,0.18446601941747567,0.14432989690721662,1.0,1.0,1.0,1.0,7,47
2026-09-04,VICI,0001705696,2026-09-30,2026-06-30,2026-07-30,92.0,0.5318908557737506,1,-0.4146341463414634,0.6078431372549018,0.0142857142857143,0.15492957746478872,0.0,1.0,1.0,1.0,0,13
2026-09-04,VLO,0001035002,2026-09-30,2026-06-30,2026-07-31,92.0,0.7669458343697715,1,4.535087719298246,3.221052631578947,2.0964912280701755,-0.15867158671586723,1.0,1.0,1.0,0.0,3,57
2026-09-04,VLTO,0001967680,2026-07-03,2026-04-03,2026-04-30,91.0,0.7234725251645863,1,0.13333333333333333,0.07954545454545449,0.09876543209876537,0.21621621621621626,1.0,1.0,1.0,1.0,5,8
2026-09-04,VMC,0001396009,2026-07-01,2026-03-31,2026-04-30,92.0,0.754280602165372,1,0.2989690721649485,0.8076923076923075,0.04761904761904756,0.25974025974025966,1.0,1.0,1.0,1.0,4,56
2026-09-04,VRSK,0001442145,2026-07-01,2026-03-31,2026-04-30,92.0,0.706160551837892,1,0.04848484848484853,0.04545454545454549,-0.15813953488372087,0.08552631578947362,1.0,1.0,0.0,1.0,2,25
2026-09-04,VRTX,0000875320,2026-09-30,2026-06-30,2026-08-05,92.0,0.6734249339220901,1,0.08020050125313267,0.6144578313253009,0.047381546134663444,1.2866379310344829,1.0,1.0,1.0,1.0,4,45
2026-09-04,VST,0001692819,2026-09-30,2026-06-30,2026-08-11,92.0,0.6096021227768433,1,-0.06172839506172845,4.086021505376344,-0.6666666666666666,-0.09999999999999996,0.0,1.0,0.0,0.0,0,8
2026-09-04,VTR,0000740260,2026-09-30,2026-06-30,2026-07-31,92.0,0.3418828945907963,0,-0.06666666666666654,0.09999999999999995,1.8,1.9999999999999998,0.0,1.0,1.0,1.0,0,56
2026-09-04,VTRS,0001792044,2026-09-30,2026-06-30,2026-08-07,92.0,0.5445775998977402,1,,1.0588235294117647,-2.375,1.0,0.0,1.0,0.0,1.0,0,33
2026-09-04,VZ,0000732712,2026-09-30,2026-06-30,2026-08-01,92.0,0.4960691503265808,0,-0.22033898305084737,0.04347826086956526,0.49999999999999983,0.08256880733944941,0.0,1.0,1.0,1.0,0,56
2026-09-04,WAB,0000943452,2026-09-30,2026-06-30,2026-07-23,92.0,0.7680476390570116,1,0.1887755102040817,0.12765957446808524,0.11042944785276085,0.19512195121951226,1.0,1.0,1.0,1.0,8,25
2026-09-04,WAT,0001000697,2026-10-03,2026-07-04,2026-08-12,91.0,0.37492320752545255,0,-1.562753036437247,-1.4285714285714286,-0.028350515463917494,-0.07749077490774907,0.0,0.0,0.0,0.0,0,46
2026-09-04,WBD,0001437107,2026-09-30,2026-06-30,2026-08-07,92.0,0.3369183330070561,0,-0.9047619047619049,-5.5,-2.1999999999999997,1.1547911547911547,0.0,0.0,0.0,1.0,0,14
2026-09-04,WDAY,0001327811,2026-10-31,2026-07-31,2026-08-28,92.0,0.7089650955376705,1,2.0595238095238098,2.48,0.3055555555555555,0.7142857142857143,1.0,1.0,1.0,1.0,4,5
2026-09-04,WDC,0000106040,2026-07-03,2026-04-03,2026-05-02,91.0,0.7586878553635724,1,4.774647887323943,1.9018404907975464,1.274074074074074,,1.0,1.0,1.0,,3,56
2026-09-04,WELL,0000766704,2026-07-01,2026-03-31,2026-04-30,92.0,0.5916311269472271,1,1.5499999999999998,-0.4383561643835617,0.0714285714285715,0.8181818181818182,1.0,0.0,1.0,1.0,1,56
2026-09-04,WFC,0000072971,2026-09-30,2026-06-30,2026-07-29,92.0,0.7385600069640128,1,0.24999999999999994,0.15107913669064763,0.16901408450704225,0.20300751879699247,1.0,1.0,1.0,1.0,5,47
2026-09-04,WLTW,0001140536,2026-09-30,2026-06-30,2026-07-31,92.0,0.3605642359475365,0,-0.2680722891566264,0.33047210300429186,1.1891727493917275,1.441176470588235,0.0,1.0,1.0,1.0,0,36
2026-09-04,WM,0000823768,2026-09-30,2026-06-30,2026-07-30,92.0,0.7321448811372936,1,0.08333333333333329,0.13291139240506325,-0.20744680851063826,0.06508875739644976,1.0,1.0,0.0,1.0,2,56
2026-09-04,WMB,0000107263,2026-09-30,2026-06-30,2026-08-04,92.0,0.6928592489821874,1,0.5111111111111112,0.2499999999999998,-0.08620689655172403,0.3636363636363636,1.0,1.0,0.0,1.0,2,47
2026-09-04,WMT,0000104169,2026-10-31,2026-07-31,2026-08-29,92.0,0.44321687222271533,0,-0.09090909090909087,0.1964285714285714,0.3508771929824563,0.5714285714285713,0.0,1.0,1.0,1.0,0,57
2026-09-04,WRB,0000011544,2026-09-30,2026-06-30,2026-08-01,92.0,0.7244633757040017,1,0.1499999999999999,0.25961538461538464,0.4065934065934066,0.08695652173913039,1.0,1.0,1.0,1.0,4,21
2026-09-04,WSM,0000719955,2026-11-01,2026-08-02,2026-08-29,91.0,0.6918274720271083,1,0.41999999999999993,0.04324324324324316,0.0,0.14942528735632185,1.0,1.0,0.0,1.0,2,5
2026-09-04,WST,0000105770,2026-09-30,2026-06-30,2026-07-24,92.0,0.7454047572813988,1,0.18131868131868123,0.5609756097560975,0.03783783783783775,0.20529801324503313,1.0,1.0,1.0,1.0,4,20
2026-09-04,WTW,0001140536,2026-09-30,2026-06-30,2026-07-31,92.0,0.3605642359475365,0,-0.2680722891566264,0.33047210300429186,1.1891727493917275,1.441176470588235,0.0,1.0,1.0,1.0,0,36
2026-09-04,WY,0000106535,2026-09-30,2026-06-30,2026-08-01,92.0,0.7702181636904584,1,0.9166666666666669,1.0,1.7500000000000002,-0.5,,,,,0,31
2026-09-04,WYNN,0001174922,2026-09-30,2026-06-30,2026-08-07,92.0,0.7385720447966407,1,1.0625,0.5072463768115943,3.9310344827586206,-0.2967032967032967,1.0,1.0,1.0,0.0,3,53
2026-09-04,XEL,0000072903,2026-09-30,2026-06-30,2026-07-31,92.0,0.6872934842066486,1,0.24000000000000007,0.059523809523809576,-0.2727272727272727,0.3888888888888888,1.0,1.0,0.0,1.0,2,58
2026-09-04,XOM,0000034088,2026-07-01,2026-03-31,2026-05-05,92.0,0.46297978570858866,0,-0.4318181818181818,-0.0833333333333333,-0.2336448598130842,-0.14563106796116507,0.0,0.0,0.0,0.0,0,46
2026-09-04,XYL,0001524472,2026-09-30,2026-06-30,2026-07-29,92.0,0.7893601334372953,1,0.19354838709677424,0.1449275362318842,0.04494382022471914,0.1625,1.0,1.0,1.0,1.0,8,53
2026-09-04,YUM,0001041061,2026-09-30,2026-06-30,2026-08-06,92.0,0.8083314097211376,1,1.3157894736842104,0.7222222222222222,0.044444444444444314,0.039062500000000035,1.0,1.0,1.0,1.0,4,49
2026-09-04,ZBH,0001136869,2026-09-30,2026-06-30,2026-08-06,92.0,0.7724825583245952,1,0.33766233766233766,0.34065934065934056,-0.05691056910569111,-0.34745762711864403,1.0,1.0,0.0,0.0,2,57
2026-09-04,ZBRA,0000877212,2026-10-03,2026-07-04,2026-08-05,91.0,0.7646811617520268,1,1.2146118721461185,0.038167938931297746,-0.25378787878787884,0.00921658986175116,1.0,1.0,0.0,1.0,2,22
2026-09-04,ZTS,0001555280,2026-09-30,2026-06-30,2026-08-07,92.0,0.7403978503840092,1,0.024844720496894294,0.0070921985815602905,0.0866666666666666,0.1751824817518248,1.0,1.0,1.0,1.0,6,47
